sep=,
SystemName: RaZON160001
Serialnumber: 160001


Date GMT (yyyy-mm-dd),Time GMT (hh:mm:ss),Date Local (yyyy-mm-dd),Time Local ( hh:mm ) ,SolarAzimuth (Degrees),SolarZenith (Degrees),Latitude (Degrees ),Longitude (Degrees),AirPressure (mBar),IrrDiffuse (W/m2),TempDiffuse (Degrees celcius),IrrDirect (W/m2),TempDirect (Degrees celcius),IrrGlobal (W/m2),Sunshine (number of seconds in this interval),SunshineDuration (hours of today),GlobalSum (KWh/m2)
2018-02-23, 08:00:00, 2018-02-23, 00:00:00, 348.0532, 151.7379, 37.5960, -122.3689, 1013.25, 0.0, 6.2, 0.0, 6.1, 0.0, 0.0, 0.5519, 0.1530
2018-02-23, 08:01:00, 2018-02-23, 00:01:00, 348.5670, 151.7778, 37.5960, -122.3689, 1013.25, 0.0, 6.2, 0.0, 6.1, 0.0, 0.0, 0.5519, 0.1530
2018-02-23, 08:02:00, 2018-02-23, 00:02:00, 349.0820, 151.8160, 37.5960, -122.3689, 1013.25, 0.0, 6.2, 0.0, 6.1, 0.0, 0.0, 0.5519, 0.1530
2018-02-23, 08:03:00, 2018-02-23, 00:03:00, 349.5982, 151.8524, 37.5960, -122.3689, 1013.25, 0.0, 6.1, 0.0, 6.1, 0.0, 0.0, 0.5519, 0.1530
2018-02-23, 08:04:00, 2018-02-23, 00:04:00, 350.1155, 151.8870, 37.5960, -122.3689, 1013.25, 0.0, 6.1, 0.0, 6.1, 0.0, 0.0, 0.5519, 0.1530
2018-02-23, 08:05:00, 2018-02-23, 00:05:00, 350.6340, 151.9199, 37.5960, -122.3689, 1013.25, 0.0, 6.1, 0.0, 6.1, 0.0, 0.0, 0.5519, 0.1530
2018-02-23, 08:06:00, 2018-02-23, 00:06:00, 351.1534, 151.9510, 37.5960, -122.3689, 1013.25, 0.0, 6.1, 0.0, 6.1, 0.0, 0.0, 0.5519, 0.1530
2018-02-23, 08:07:00, 2018-02-23, 00:07:00, 351.6739, 151.9803, 37.5960, -122.3689, 1013.25, 0.0, 6.1, 0.0, 6.1, 0.0, 0.0, 0.5519, 0.1530
2018-02-23, 08:08:00, 2018-02-23, 00:08:00, 352.1953, 152.0078, 37.5960, -122.3689, 1013.25, 0.0, 6.1, 0.0, 6.1, 0.0, 0.0, 0.5519, 0.1530
2018-02-23, 08:09:00, 2018-02-23, 00:09:00, 352.7175, 152.0336, 37.5960, -122.3689, 1013.25, 0.0, 6.1, 0.0, 6.1, 0.0, 0.0, 0.5519, 0.1530
2018-02-23, 08:10:00, 2018-02-23, 00:10:00, 353.2406, 152.0575, 37.5960, -122.3689, 1013.25, 0.0, 6.1, 0.0, 6.1, 0.0, 0.0, 0.5519, 0.1530
2018-02-23, 08:11:00, 2018-02-23, 00:11:00, 353.7644, 152.0797, 37.5960, -122.3689, 1013.25, 0.0, 6.2, 0.0, 6.1, 0.0, 0.0, 0.5519, 0.1530
2018-02-23, 08:12:00, 2018-02-23, 00:12:00, 354.2889, 152.1001, 37.5960, -122.3689, 1013.25, 0.0, 6.2, 0.0, 6.1, 0.0, 0.0, 0.5519, 0.1530
2018-02-23, 08:13:00, 2018-02-23, 00:13:00, 354.8141, 152.1186, 37.5960, -122.3689, 1013.25, 0.0, 6.2, 0.0, 6.1, 0.0, 0.0, 0.5519, 0.1530
2018-02-23, 08:14:00, 2018-02-23, 00:14:00, 355.3399, 152.1354, 37.5960, -122.3689, 1013.25, 0.0, 6.2, 0.0, 6.2, 0.0, 0.0, 0.5519, 0.1530
2018-02-23, 08:15:00, 2018-02-23, 00:15:00, 355.8661, 152.1503, 37.5960, -122.3689, 1013.25, 0.0, 6.2, 0.0, 6.2, 0.0, 0.0, 0.5519, 0.1530
2018-02-23, 08:16:00, 2018-02-23, 00:16:00, 356.3929, 152.1634, 37.5960, -122.3689, 1013.25, 0.0, 6.2, 0.0, 6.1, 0.0, 0.0, 0.5519, 0.1530
2018-02-23, 08:17:00, 2018-02-23, 00:17:00, 356.9200, 152.1747, 37.5960, -122.3689, 1013.25, 0.0, 6.2, 0.0, 6.1, 0.0, 0.0, 0.5519, 0.1530
2018-02-23, 08:18:00, 2018-02-23, 00:18:00, 357.4475, 152.1842, 37.5960, -122.3689, 1013.25, 0.0, 6.1, 0.0, 6.1, 0.0, 0.0, 0.5519, 0.1530
2018-02-23, 08:19:00, 2018-02-23, 00:19:00, 357.9753, 152.1919, 37.5960, -122.3689, 1013.25, 0.0, 6.1, 0.0, 6.1, 0.0, 0.0, 0.5519, 0.1530
2018-02-23, 08:20:00, 2018-02-23, 00:20:00, 358.5033, 152.1977, 37.5960, -122.3689, 1013.25, 0.0, 6.1, 0.0, 6.1, 0.0, 0.0, 0.5519, 0.1530
2018-02-23, 08:21:00, 2018-02-23, 00:21:00, 359.0315, 152.2017, 37.5960, -122.3689, 1013.25, 0.0, 6.1, 0.0, 6.1, 0.0, 0.0, 0.5519, 0.1530
2018-02-23, 08:22:00, 2018-02-23, 00:22:00, 359.5598, 152.2039, 37.5960, -122.3689, 1013.25, 0.0, 6.1, 0.0, 6.1, 0.0, 0.0, 0.5519, 0.1530
2018-02-23, 08:23:00, 2018-02-23, 00:23:00, 0.0881, 152.2042, 37.5960, -122.3689, 1013.25, 0.0, 6.1, 0.0, 6.1, 0.0, 0.0, 0.5519, 0.1530
2018-02-23, 08:24:00, 2018-02-23, 00:24:00, 0.6164, 152.2027, 37.5960, -122.3689, 1013.25, 0.0, 6.1, 0.0, 6.0, 0.0, 0.0, 0.5519, 0.1530
2018-02-23, 08:25:00, 2018-02-23, 00:25:00, 1.1446, 152.1995, 37.5960, -122.3689, 1013.25, 0.0, 6.1, 0.0, 6.0, 0.0, 0.0, 0.5519, 0.1530
2018-02-23, 08:26:00, 2018-02-23, 00:26:00, 1.6727, 152.1943, 37.5960, -122.3689, 1013.25, 0.0, 6.0, 0.0, 6.0, 0.0, 0.0, 0.5519, 0.1530
2018-02-23, 08:27:00, 2018-02-23, 00:27:00, 2.2006, 152.1874, 37.5960, -122.3689, 1013.25, 0.0, 6.0, 0.0, 6.0, 0.0, 0.0, 0.5519, 0.1530
2018-02-23, 08:28:00, 2018-02-23, 00:28:00, 2.7282, 152.1786, 37.5960, -122.3689, 1013.25, 0.0, 6.0, 0.0, 5.9, 0.0, 0.0, 0.5519, 0.1530
2018-02-23, 08:29:00, 2018-02-23, 00:29:00, 3.2555, 152.1680, 37.5960, -122.3689, 1013.25, 0.0, 5.9, 0.0, 5.9, 0.0, 0.0, 0.5519, 0.1530
2018-02-23, 08:30:00, 2018-02-23, 00:30:00, 3.7824, 152.1556, 37.5960, -122.3689, 1013.25, 0.0, 5.9, 0.0, 5.9, 0.0, 0.0, 0.5519, 0.1530
2018-02-23, 08:31:00, 2018-02-23, 00:31:00, 4.3089, 152.1414, 37.5960, -122.3689, 1013.25, 0.0, 5.9, 0.0, 5.9, 0.0, 0.0, 0.5519, 0.1530
2018-02-23, 08:32:00, 2018-02-23, 00:32:00, 4.8348, 152.1253, 37.5960, -122.3689, 1013.25, 0.0, 5.9, 0.0, 5.8, 0.0, 0.0, 0.5519, 0.1530
2018-02-23, 08:33:00, 2018-02-23, 00:33:00, 5.3602, 152.1075, 37.5960, -122.3689, 1013.25, 0.0, 5.8, 0.0, 5.8, 0.0, 0.0, 0.5519, 0.1530
2018-02-23, 08:34:00, 2018-02-23, 00:34:00, 5.8850, 152.0878, 37.5960, -122.3689, 1013.25, 0.0, 5.8, 0.0, 5.8, 0.0, 0.0, 0.5519, 0.1530
2018-02-23, 08:35:00, 2018-02-23, 00:35:00, 6.4091, 152.0663, 37.5960, -122.3689, 1013.25, 0.0, 5.8, 0.0, 5.8, 0.0, 0.0, 0.5519, 0.1530
2018-02-23, 08:36:00, 2018-02-23, 00:36:00, 6.9325, 152.0431, 37.5960, -122.3689, 1013.25, 0.0, 5.8, 0.0, 5.8, 0.0, 0.0, 0.5519, 0.1530
2018-02-23, 08:37:00, 2018-02-23, 00:37:00, 7.4551, 152.0180, 37.5960, -122.3689, 1013.25, 0.0, 5.7, 0.0, 5.7, 0.0, 0.0, 0.5519, 0.1530
2018-02-23, 08:38:00, 2018-02-23, 00:38:00, 7.9768, 151.9912, 37.5960, -122.3689, 1013.25, 0.0, 5.7, 0.0, 5.7, 0.0, 0.0, 0.5519, 0.1530
2018-02-23, 08:39:00, 2018-02-23, 00:39:00, 8.4977, 151.9625, 37.5960, -122.3689, 1013.25, 0.0, 5.7, 0.0, 5.7, 0.0, 0.0, 0.5519, 0.1530
2018-02-23, 08:40:00, 2018-02-23, 00:40:00, 9.0175, 151.9321, 37.5960, -122.3689, 1013.25, 0.0, 5.7, 0.0, 5.7, 0.0, 0.0, 0.5519, 0.1530
2018-02-23, 08:41:00, 2018-02-23, 00:41:00, 9.5364, 151.8999, 37.5960, -122.3689, 1013.25, 0.0, 5.7, 0.0, 5.6, 0.0, 0.0, 0.5519, 0.1530
2018-02-23, 08:42:00, 2018-02-23, 00:42:00, 10.0542, 151.8660, 37.5960, -122.3689, 1013.25, 0.0, 5.7, 0.0, 5.6, 0.0, 0.0, 0.5519, 0.1530
2018-02-23, 08:43:00, 2018-02-23, 00:43:00, 10.5709, 151.8303, 37.5960, -122.3689, 1013.25, 0.0, 5.7, 0.0, 5.6, 0.0, 0.0, 0.5519, 0.1530
2018-02-23, 08:44:00, 2018-02-23, 00:44:00, 11.0863, 151.7928, 37.5960, -122.3689, 1013.25, 0.0, 5.7, 0.0, 5.6, 0.0, 0.0, 0.5519, 0.1530
2018-02-23, 08:45:00, 2018-02-23, 00:45:00, 11.6006, 151.7536, 37.5960, -122.3689, 1013.25, 0.0, 5.7, 0.0, 5.6, 0.0, 0.0, 0.5519, 0.1530
2018-02-23, 08:46:00, 2018-02-23, 00:46:00, 12.1136, 151.7126, 37.5960, -122.3689, 1013.25, 0.0, 5.7, 0.0, 5.6, 0.0, 0.0, 0.5519, 0.1530
2018-02-23, 08:47:00, 2018-02-23, 00:47:00, 12.6253, 151.6699, 37.5960, -122.3689, 1013.25, 0.0, 5.7, 0.0, 5.6, 0.0, 0.0, 0.5519, 0.1530
2018-02-23, 08:48:00, 2018-02-23, 00:48:00, 13.1356, 151.6255, 37.5960, -122.3689, 1013.25, 0.0, 5.7, 0.0, 5.6, 0.0, 0.0, 0.5519, 0.1530
2018-02-23, 08:49:00, 2018-02-23, 00:49:00, 13.6445, 151.5794, 37.5960, -122.3689, 1013.25, 0.0, 5.7, 0.0, 5.6, 0.0, 0.0, 0.5519, 0.1530
2018-02-23, 08:50:00, 2018-02-23, 00:50:00, 14.1519, 151.5316, 37.5960, -122.3689, 1013.25, 0.0, 5.7, 0.0, 5.7, 0.0, 0.0, 0.5519, 0.1530
2018-02-23, 08:51:00, 2018-02-23, 00:51:00, 14.6578, 151.4820, 37.5960, -122.3689, 1013.25, 0.0, 5.7, 0.0, 5.7, 0.0, 0.0, 0.5519, 0.1530
2018-02-23, 08:52:00, 2018-02-23, 00:52:00, 15.1621, 151.4308, 37.5960, -122.3689, 1013.25, 0.0, 5.7, 0.0, 5.7, 0.0, 0.0, 0.5519, 0.1530
2018-02-23, 08:53:00, 2018-02-23, 00:53:00, 15.6649, 151.3779, 37.5960, -122.3689, 1013.25, 0.0, 5.7, 0.0, 5.6, 0.0, 0.0, 0.5519, 0.1530
2018-02-23, 08:54:00, 2018-02-23, 00:54:00, 16.1660, 151.3233, 37.5960, -122.3689, 1013.25, 0.0, 5.6, 0.0, 5.6, 0.0, 0.0, 0.5519, 0.1530
2018-02-23, 08:55:00, 2018-02-23, 00:55:00, 16.6654, 151.2671, 37.5960, -122.3689, 1013.25, 0.0, 5.6, 0.0, 5.6, 0.0, 0.0, 0.5519, 0.1530
2018-02-23, 08:56:00, 2018-02-23, 00:56:00, 17.1631, 151.2092, 37.5960, -122.3689, 1013.25, 0.0, 5.6, 0.0, 5.5, 0.0, 0.0, 0.5519, 0.1530
2018-02-23, 08:57:00, 2018-02-23, 00:57:00, 17.6590, 151.1497, 37.5960, -122.3689, 1013.25, 0.0, 5.5, 0.0, 5.5, 0.0, 0.0, 0.5519, 0.1530
2018-02-23, 08:58:00, 2018-02-23, 00:58:00, 18.1532, 151.0886, 37.5960, -122.3689, 1013.25, 0.0, 5.5, 0.0, 5.5, 0.0, 0.0, 0.5519, 0.1530
2018-02-23, 08:59:00, 2018-02-23, 00:59:00, 18.6455, 151.0258, 37.5960, -122.3689, 1013.25, 0.0, 5.4, 0.0, 5.4, 0.0, 0.0, 0.5519, 0.1530
2018-02-23, 09:00:00, 2018-02-23, 01:00:00, 19.1359, 150.9614, 37.5960, -122.3689, 1013.25, 0.0, 5.4, 0.0, 5.4, 0.0, 0.0, 0.5519, 0.1530
2018-02-23, 09:01:00, 2018-02-23, 01:01:00, 19.6244, 150.8954, 37.5960, -122.3689, 1013.25, 0.0, 5.4, 0.0, 5.4, 0.0, 0.0, 0.5519, 0.1530
2018-02-23, 09:02:00, 2018-02-23, 01:02:00, 20.1110, 150.8278, 37.5960, -122.3689, 1013.25, 0.0, 5.4, 0.0, 5.3, 0.0, 0.0, 0.5519, 0.1530
2018-02-23, 09:03:00, 2018-02-23, 01:03:00, 20.5956, 150.7587, 37.5960, -122.3689, 1013.25, 0.0, 5.4, 0.0, 5.3, 0.0, 0.0, 0.5519, 0.1530
2018-02-23, 09:04:00, 2018-02-23, 01:04:00, 21.0782, 150.6880, 37.5960, -122.3689, 1013.25, 0.0, 5.4, 0.0, 5.3, 0.0, 0.0, 0.5519, 0.1530
2018-02-23, 09:05:00, 2018-02-23, 01:05:00, 21.5588, 150.6157, 37.5960, -122.3689, 1013.25, 0.0, 5.4, 0.0, 5.3, 0.0, 0.0, 0.5519, 0.1530
2018-02-23, 09:06:00, 2018-02-23, 01:06:00, 22.0374, 150.5419, 37.5960, -122.3689, 1013.25, 0.0, 5.3, 0.0, 5.3, 0.0, 0.0, 0.5519, 0.1530
2018-02-23, 09:07:00, 2018-02-23, 01:07:00, 22.5138, 150.4666, 37.5960, -122.3689, 1013.25, 0.0, 5.3, 0.0, 5.2, 0.0, 0.0, 0.5519, 0.1530
2018-02-23, 09:08:00, 2018-02-23, 01:08:00, 22.9881, 150.3897, 37.5960, -122.3689, 1013.25, 0.0, 5.3, 0.0, 5.2, 0.0, 0.0, 0.5519, 0.1530
2018-02-23, 09:09:00, 2018-02-23, 01:09:00, 23.4603, 150.3114, 37.5960, -122.3689, 1013.25, 0.0, 5.3, 0.0, 5.2, 0.0, 0.0, 0.5519, 0.1530
2018-02-23, 09:10:00, 2018-02-23, 01:10:00, 23.9303, 150.2315, 37.5960, -122.3689, 1013.25, 0.0, 5.2, 0.0, 5.2, 0.0, 0.0, 0.5519, 0.1530
2018-02-23, 09:11:00, 2018-02-23, 01:11:00, 24.3981, 150.1502, 37.5960, -122.3689, 1013.25, 0.0, 5.2, 0.0, 5.2, 0.0, 0.0, 0.5519, 0.1530
2018-02-23, 09:12:00, 2018-02-23, 01:12:00, 24.8638, 150.0674, 37.5960, -122.3689, 1013.25, 0.0, 5.3, 0.0, 5.2, 0.0, 0.0, 0.5519, 0.1530
2018-02-23, 09:13:00, 2018-02-23, 01:13:00, 25.3272, 149.9831, 37.5960, -122.3689, 1013.25, 0.0, 5.3, 0.0, 5.2, 0.0, 0.0, 0.5519, 0.1530
2018-02-23, 09:14:00, 2018-02-23, 01:14:00, 25.7883, 149.8974, 37.5960, -122.3689, 1013.25, 0.0, 5.3, 0.0, 5.2, 0.0, 0.0, 0.5519, 0.1530
2018-02-23, 09:15:00, 2018-02-23, 01:15:00, 26.2472, 149.8103, 37.5960, -122.3689, 1013.25, 0.0, 5.3, 0.0, 5.2, 0.0, 0.0, 0.5519, 0.1530
2018-02-23, 09:16:00, 2018-02-23, 01:16:00, 26.7038, 149.7218, 37.5960, -122.3689, 1013.25, 0.0, 5.3, 0.0, 5.2, 0.0, 0.0, 0.5519, 0.1530
2018-02-23, 09:17:00, 2018-02-23, 01:17:00, 27.1581, 149.6318, 37.5960, -122.3689, 1013.25, 0.0, 5.3, 0.0, 5.2, 0.0, 0.0, 0.5519, 0.1530
2018-02-23, 09:18:00, 2018-02-23, 01:18:00, 27.6101, 149.5405, 37.5960, -122.3689, 1013.25, 0.0, 5.3, 0.0, 5.2, 0.0, 0.0, 0.5519, 0.1530
2018-02-23, 09:19:00, 2018-02-23, 01:19:00, 28.0598, 149.4477, 37.5960, -122.3689, 1013.25, 0.0, 5.2, 0.0, 5.2, 0.0, 0.0, 0.5519, 0.1530
2018-02-23, 09:20:00, 2018-02-23, 01:20:00, 28.5071, 149.3536, 37.5960, -122.3689, 1013.25, 0.0, 5.2, 0.0, 5.2, 0.0, 0.0, 0.5519, 0.1530
2018-02-23, 09:21:00, 2018-02-23, 01:21:00, 28.9520, 149.2582, 37.5960, -122.3689, 1013.25, 0.0, 5.2, 0.0, 5.1, 0.0, 0.0, 0.5519, 0.1530
2018-02-23, 09:22:00, 2018-02-23, 01:22:00, 29.3947, 149.1614, 37.5960, -122.3689, 1013.25, 0.0, 5.2, 0.0, 5.1, 0.0, 0.0, 0.5519, 0.1530
2018-02-23, 09:23:00, 2018-02-23, 01:23:00, 29.8349, 149.0632, 37.5960, -122.3689, 1013.25, 0.0, 5.2, 0.0, 5.1, 0.0, 0.0, 0.5519, 0.1530
2018-02-23, 09:24:00, 2018-02-23, 01:24:00, 30.2727, 148.9638, 37.5960, -122.3689, 1013.25, 0.0, 5.1, 0.0, 5.1, 0.0, 0.0, 0.5519, 0.1530
2018-02-23, 09:25:00, 2018-02-23, 01:25:00, 30.7082, 148.8631, 37.5960, -122.3689, 1013.25, 0.0, 5.1, 0.0, 5.0, 0.0, 0.0, 0.5519, 0.1530
2018-02-23, 09:26:00, 2018-02-23, 01:26:00, 31.1412, 148.7610, 37.5960, -122.3689, 1013.25, 0.0, 5.1, 0.0, 5.0, 0.0, 0.0, 0.5519, 0.1530
2018-02-23, 09:27:00, 2018-02-23, 01:27:00, 31.5719, 148.6577, 37.5960, -122.3689, 1013.25, 0.0, 5.1, 0.0, 5.0, 0.0, 0.0, 0.5519, 0.1530
2018-02-23, 09:28:00, 2018-02-23, 01:28:00, 32.0001, 148.5531, 37.5960, -122.3689, 1013.25, 0.0, 5.1, 0.0, 5.0, 0.0, 0.0, 0.5519, 0.1530
2018-02-23, 09:29:00, 2018-02-23, 01:29:00, 32.4260, 148.4473, 37.5960, -122.3689, 1013.25, 0.0, 5.1, 0.0, 5.0, 0.0, 0.0, 0.5519, 0.1530
2018-02-23, 09:30:00, 2018-02-23, 01:30:00, 32.8494, 148.3402, 37.5960, -122.3689, 1013.25, 0.0, 5.1, 0.0, 5.0, 0.0, 0.0, 0.5519, 0.1530
2018-02-23, 09:31:00, 2018-02-23, 01:31:00, 33.2704, 148.2319, 37.5960, -122.3689, 1013.25, 0.0, 5.0, 0.0, 5.0, 0.0, 0.0, 0.5519, 0.1530
2018-02-23, 09:32:00, 2018-02-23, 01:32:00, 33.6889, 148.1224, 37.5960, -122.3689, 1013.25, 0.0, 5.0, 0.0, 5.0, 0.0, 0.0, 0.5519, 0.1530
2018-02-23, 09:33:00, 2018-02-23, 01:33:00, 34.1051, 148.0117, 37.5960, -122.3689, 1013.25, 0.0, 5.0, 0.0, 4.9, 0.0, 0.0, 0.5519, 0.1530
2018-02-23, 09:34:00, 2018-02-23, 01:34:00, 34.5188, 147.8998, 37.5960, -122.3689, 1013.25, 0.0, 5.0, 0.0, 4.9, 0.0, 0.0, 0.5519, 0.1530
2018-02-23, 09:35:00, 2018-02-23, 01:35:00, 34.9301, 147.7868, 37.5960, -122.3689, 1013.25, 0.0, 5.0, 0.0, 4.9, 0.0, 0.0, 0.5519, 0.1530
2018-02-23, 09:36:00, 2018-02-23, 01:36:00, 35.3390, 147.6725, 37.5960, -122.3689, 1013.25, 0.0, 5.0, 0.0, 4.9, 0.0, 0.0, 0.5519, 0.1530
2018-02-23, 09:37:00, 2018-02-23, 01:37:00, 35.7454, 147.5572, 37.5960, -122.3689, 1013.25, 0.0, 4.9, 0.0, 4.9, 0.0, 0.0, 0.5519, 0.1530
2018-02-23, 09:38:00, 2018-02-23, 01:38:00, 36.1494, 147.4406, 37.5960, -122.3689, 1013.25, 0.0, 4.9, 0.0, 4.9, 0.0, 0.0, 0.5519, 0.1530
2018-02-23, 09:39:00, 2018-02-23, 01:39:00, 36.5511, 147.3230, 37.5960, -122.3689, 1013.25, 0.0, 4.9, 0.0, 4.8, 0.0, 0.0, 0.5519, 0.1530
2018-02-23, 09:40:00, 2018-02-23, 01:40:00, 36.9503, 147.2042, 37.5960, -122.3689, 1013.25, 0.0, 4.9, 0.0, 4.8, 0.0, 0.0, 0.5519, 0.1530
2018-02-23, 09:41:00, 2018-02-23, 01:41:00, 37.3470, 147.0844, 37.5960, -122.3689, 1013.25, 0.0, 4.9, 0.0, 4.8, 0.0, 0.0, 0.5519, 0.1530
2018-02-23, 09:42:00, 2018-02-23, 01:42:00, 37.7414, 146.9635, 37.5960, -122.3689, 1013.25, 0.0, 4.9, 0.0, 4.8, 0.0, 0.0, 0.5519, 0.1530
2018-02-23, 09:43:00, 2018-02-23, 01:43:00, 38.1334, 146.8415, 37.5960, -122.3689, 1013.25, 0.0, 4.9, 0.0, 4.8, 0.0, 0.0, 0.5519, 0.1530
2018-02-23, 09:44:00, 2018-02-23, 01:44:00, 38.5230, 146.7184, 37.5960, -122.3689, 1013.25, 0.0, 4.8, 0.0, 4.8, 0.0, 0.0, 0.5519, 0.1530
2018-02-23, 09:45:00, 2018-02-23, 01:45:00, 38.9102, 146.5943, 37.5960, -122.3689, 1013.25, 0.0, 4.8, 0.0, 4.7, 0.0, 0.0, 0.5519, 0.1530
2018-02-23, 09:46:00, 2018-02-23, 01:46:00, 39.2951, 146.4691, 37.5960, -122.3689, 1013.25, 0.0, 4.8, 0.0, 4.7, 0.0, 0.0, 0.5519, 0.1530
2018-02-23, 09:47:00, 2018-02-23, 01:47:00, 39.6775, 146.3429, 37.5960, -122.3689, 1013.25, 0.0, 4.8, 0.0, 4.7, 0.0, 0.0, 0.5519, 0.1530
2018-02-23, 09:48:00, 2018-02-23, 01:48:00, 40.0576, 146.2157, 37.5960, -122.3689, 1013.25, 0.0, 4.7, 0.0, 4.6, 0.0, 0.0, 0.5519, 0.1530
2018-02-23, 09:49:00, 2018-02-23, 01:49:00, 40.4354, 146.0875, 37.5960, -122.3689, 1013.25, 0.0, 4.7, 0.0, 4.6, 0.0, 0.0, 0.5519, 0.1530
2018-02-23, 09:50:00, 2018-02-23, 01:50:00, 40.8108, 145.9583, 37.5960, -122.3689, 1013.25, 0.0, 4.7, 0.0, 4.6, 0.0, 0.0, 0.5519, 0.1530
2018-02-23, 09:51:00, 2018-02-23, 01:51:00, 41.1838, 145.8281, 37.5960, -122.3689, 1013.25, 0.0, 4.6, 0.0, 4.5, 0.0, 0.0, 0.5519, 0.1530
2018-02-23, 09:52:00, 2018-02-23, 01:52:00, 41.5546, 145.6970, 37.5960, -122.3689, 1013.25, 0.0, 4.6, 0.0, 4.5, 0.0, 0.0, 0.5519, 0.1530
2018-02-23, 09:53:00, 2018-02-23, 01:53:00, 41.9230, 145.5649, 37.5960, -122.3689, 1013.25, 0.0, 4.6, 0.0, 4.5, 0.0, 0.0, 0.5519, 0.1530
2018-02-23, 09:54:00, 2018-02-23, 01:54:00, 42.2891, 145.4319, 37.5960, -122.3689, 1013.25, 0.0, 4.6, 0.0, 4.5, 0.0, 0.0, 0.5519, 0.1530
2018-02-23, 09:55:00, 2018-02-23, 01:55:00, 42.6529, 145.2979, 37.5960, -122.3689, 1013.25, 0.0, 4.6, 0.0, 4.4, 0.0, 0.0, 0.5519, 0.1530
2018-02-23, 09:56:00, 2018-02-23, 01:56:00, 43.0145, 145.1630, 37.5960, -122.3689, 1013.25, 0.0, 4.5, 0.0, 4.4, 0.0, 0.0, 0.5519, 0.1530
2018-02-23, 09:57:00, 2018-02-23, 01:57:00, 43.3737, 145.0272, 37.5960, -122.3689, 1013.25, 0.0, 4.5, 0.0, 4.4, 0.0, 0.0, 0.5519, 0.1530
2018-02-23, 09:58:00, 2018-02-23, 01:58:00, 43.7307, 144.8905, 37.5960, -122.3689, 1013.25, 0.0, 4.5, 0.0, 4.3, 0.0, 0.0, 0.5519, 0.1530
2018-02-23, 09:59:00, 2018-02-23, 01:59:00, 44.0855, 144.7529, 37.5960, -122.3689, 1013.25, 0.0, 4.5, 0.0, 4.3, 0.0, 0.0, 0.5519, 0.1530
2018-02-23, 10:00:00, 2018-02-23, 02:00:00, 44.4380, 144.6144, 37.5960, -122.3689, 1013.25, 0.0, 4.5, 0.0, 4.3, 0.0, 0.0, 0.5519, 0.1530
2018-02-23, 10:01:00, 2018-02-23, 02:01:00, 44.7884, 144.4751, 37.5960, -122.3689, 1013.25, 0.0, 4.5, 0.0, 4.3, 0.0, 0.0, 0.5519, 0.1530
2018-02-23, 10:02:00, 2018-02-23, 02:02:00, 45.1365, 144.3349, 37.5960, -122.3689, 1013.25, 0.0, 4.5, 0.0, 4.3, 0.0, 0.0, 0.5519, 0.1530
2018-02-23, 10:03:00, 2018-02-23, 02:03:00, 45.4824, 144.1939, 37.5960, -122.3689, 1013.25, 0.0, 4.5, 0.0, 4.3, 0.0, 0.0, 0.5519, 0.1530
2018-02-23, 10:04:00, 2018-02-23, 02:04:00, 45.8261, 144.0520, 37.5960, -122.3689, 1013.25, 0.0, 4.5, 0.0, 4.3, 0.0, 0.0, 0.5519, 0.1530
2018-02-23, 10:05:00, 2018-02-23, 02:05:00, 46.1677, 143.9093, 37.5960, -122.3689, 1013.25, 0.0, 4.4, 0.0, 4.2, 0.0, 0.0, 0.5519, 0.1530
2018-02-23, 10:06:00, 2018-02-23, 02:06:00, 46.5071, 143.7658, 37.5960, -122.3689, 1013.25, 0.0, 4.4, 0.0, 4.2, 0.0, 0.0, 0.5519, 0.1530
2018-02-23, 10:07:00, 2018-02-23, 02:07:00, 46.8443, 143.6215, 37.5960, -122.3689, 1013.25, 0.0, 4.4, 0.0, 4.2, 0.0, 0.0, 0.5519, 0.1530
2018-02-23, 10:08:00, 2018-02-23, 02:08:00, 47.1795, 143.4763, 37.5960, -122.3689, 1013.25, 0.0, 4.4, 0.0, 4.2, 0.0, 0.0, 0.5519, 0.1530
2018-02-23, 10:09:00, 2018-02-23, 02:09:00, 47.5125, 143.3305, 37.5960, -122.3689, 1013.25, 0.0, 4.4, 0.0, 4.2, 0.0, 0.0, 0.5519, 0.1530
2018-02-23, 10:10:00, 2018-02-23, 02:10:00, 47.8435, 143.1838, 37.5960, -122.3689, 1013.25, 0.0, 4.4, 0.0, 4.2, 0.0, 0.0, 0.5519, 0.1530
2018-02-23, 10:11:00, 2018-02-23, 02:11:00, 48.1723, 143.0363, 37.5960, -122.3689, 1013.25, 0.0, 4.4, 0.0, 4.2, 0.0, 0.0, 0.5519, 0.1530
2018-02-23, 10:12:00, 2018-02-23, 02:12:00, 48.4991, 142.8882, 37.5960, -122.3689, 1013.25, 0.0, 4.5, 0.0, 4.2, 0.0, 0.0, 0.5519, 0.1530
2018-02-23, 10:13:00, 2018-02-23, 02:13:00, 48.8239, 142.7392, 37.5960, -122.3689, 1013.25, 0.0, 4.5, 0.0, 4.2, 0.0, 0.0, 0.5519, 0.1530
2018-02-23, 10:14:00, 2018-02-23, 02:14:00, 49.1466, 142.5895, 37.5960, -122.3689, 1013.25, 0.0, 4.5, 0.0, 4.2, 0.0, 0.0, 0.5519, 0.1530
2018-02-23, 10:15:00, 2018-02-23, 02:15:00, 49.4673, 142.4391, 37.5960, -122.3689, 1013.25, 0.0, 4.5, 0.0, 4.2, 0.0, 0.0, 0.5519, 0.1530
2018-02-23, 10:16:00, 2018-02-23, 02:16:00, 49.7859, 142.2880, 37.5960, -122.3689, 1013.25, 0.0, 4.5, 0.0, 4.3, 0.0, 0.0, 0.5519, 0.1530
2018-02-23, 10:17:00, 2018-02-23, 02:17:00, 50.1026, 142.1362, 37.5960, -122.3689, 1013.25, 0.0, 4.5, 0.0, 4.3, 0.0, 0.0, 0.5519, 0.1530
2018-02-23, 10:18:00, 2018-02-23, 02:18:00, 50.4174, 141.9837, 37.5960, -122.3689, 1013.25, 0.0, 4.5, 0.0, 4.3, 0.0, 0.0, 0.5519, 0.1530
2018-02-23, 10:19:00, 2018-02-23, 02:19:00, 50.7301, 141.8304, 37.5960, -122.3689, 1013.25, 0.0, 4.5, 0.0, 4.2, 0.0, 0.0, 0.5519, 0.1530
2018-02-23, 10:20:00, 2018-02-23, 02:20:00, 51.0410, 141.6765, 37.5960, -122.3689, 1013.25, 0.0, 4.4, 0.0, 4.2, 0.0, 0.0, 0.5519, 0.1530
2018-02-23, 10:21:00, 2018-02-23, 02:21:00, 51.3498, 141.5220, 37.5960, -122.3689, 1013.25, 0.0, 4.4, 0.0, 4.2, 0.0, 0.0, 0.5519, 0.1530
2018-02-23, 10:22:00, 2018-02-23, 02:22:00, 51.6568, 141.3667, 37.5960, -122.3689, 1013.25, 0.0, 4.4, 0.0, 4.1, 0.0, 0.0, 0.5519, 0.1530
2018-02-23, 10:23:00, 2018-02-23, 02:23:00, 51.9619, 141.2108, 37.5960, -122.3689, 1013.25, 0.0, 4.3, 0.0, 4.1, 0.0, 0.0, 0.5519, 0.1530
2018-02-23, 10:24:00, 2018-02-23, 02:24:00, 52.2651, 141.0543, 37.5960, -122.3689, 1013.25, 0.0, 4.3, 0.0, 4.1, 0.0, 0.0, 0.5519, 0.1530
2018-02-23, 10:25:00, 2018-02-23, 02:25:00, 52.5665, 140.8971, 37.5960, -122.3689, 1013.25, 0.0, 4.3, 0.0, 4.1, 0.0, 0.0, 0.5519, 0.1530
2018-02-23, 10:26:00, 2018-02-23, 02:26:00, 52.8660, 140.7393, 37.5960, -122.3689, 1013.25, 0.0, 4.3, 0.0, 4.0, 0.0, 0.0, 0.5519, 0.1530
2018-02-23, 10:27:00, 2018-02-23, 02:27:00, 53.1637, 140.5809, 37.5960, -122.3689, 1013.25, 0.0, 4.2, 0.0, 4.0, 0.0, 0.0, 0.5519, 0.1530
2018-02-23, 10:28:00, 2018-02-23, 02:28:00, 53.4595, 140.4218, 37.5960, -122.3689, 1013.25, 0.0, 4.2, 0.0, 4.0, 0.0, 0.0, 0.5519, 0.1530
2018-02-23, 10:29:00, 2018-02-23, 02:29:00, 53.7536, 140.2622, 37.5960, -122.3689, 1013.25, 0.0, 4.2, 0.0, 3.9, 0.0, 0.0, 0.5519, 0.1530
2018-02-23, 10:30:00, 2018-02-23, 02:30:00, 54.0459, 140.1019, 37.5960, -122.3689, 1013.25, 0.0, 4.2, 0.0, 3.9, 0.0, 0.0, 0.5519, 0.1530
2018-02-23, 10:31:00, 2018-02-23, 02:31:00, 54.3364, 139.9411, 37.5960, -122.3689, 1013.25, 0.0, 4.2, 0.0, 3.9, 0.0, 0.0, 0.5519, 0.1530
2018-02-23, 10:32:00, 2018-02-23, 02:32:00, 54.6251, 139.7797, 37.5960, -122.3689, 1013.25, 0.0, 4.2, 0.0, 3.9, 0.0, 0.0, 0.5519, 0.1530
2018-02-23, 10:33:00, 2018-02-23, 02:33:00, 54.9121, 139.6177, 37.5960, -122.3689, 1013.25, 0.0, 4.1, 0.0, 3.9, 0.0, 0.0, 0.5519, 0.1530
2018-02-23, 10:34:00, 2018-02-23, 02:34:00, 55.1974, 139.4551, 37.5960, -122.3689, 1013.25, 0.0, 4.1, 0.0, 3.8, 0.0, 0.0, 0.5519, 0.1530
2018-02-23, 10:35:00, 2018-02-23, 02:35:00, 55.4810, 139.2920, 37.5960, -122.3689, 1013.25, 0.0, 4.1, 0.0, 3.8, 0.0, 0.0, 0.5519, 0.1530
2018-02-23, 10:36:00, 2018-02-23, 02:36:00, 55.7630, 139.1283, 37.5960, -122.3689, 1013.25, 0.0, 4.1, 0.0, 3.8, 0.0, 0.0, 0.5519, 0.1530
2018-02-23, 10:37:00, 2018-02-23, 02:37:00, 56.0432, 138.9640, 37.5960, -122.3689, 1013.25, 0.0, 4.1, 0.0, 3.8, 0.0, 0.0, 0.5519, 0.1530
2018-02-23, 10:38:00, 2018-02-23, 02:38:00, 56.3218, 138.7993, 37.5960, -122.3689, 1013.25, 0.0, 4.1, 0.0, 3.8, 0.0, 0.0, 0.5519, 0.1530
2018-02-23, 10:39:00, 2018-02-23, 02:39:00, 56.5987, 138.6340, 37.5960, -122.3689, 1013.25, 0.0, 4.1, 0.0, 3.8, 0.0, 0.0, 0.5519, 0.1530
2018-02-23, 10:40:00, 2018-02-23, 02:40:00, 56.8740, 138.4681, 37.5960, -122.3689, 1013.25, 0.0, 4.1, 0.0, 3.8, 0.0, 0.0, 0.5519, 0.1530
2018-02-23, 10:41:00, 2018-02-23, 02:41:00, 57.1477, 138.3018, 37.5960, -122.3689, 1013.25, 0.0, 4.1, 0.0, 3.8, 0.0, 0.0, 0.5519, 0.1530
2018-02-23, 10:42:00, 2018-02-23, 02:42:00, 57.4198, 138.1349, 37.5960, -122.3689, 1013.25, 0.0, 4.1, 0.0, 3.8, 0.0, 0.0, 0.5519, 0.1530
2018-02-23, 10:43:00, 2018-02-23, 02:43:00, 57.6903, 137.9676, 37.5960, -122.3689, 1013.25, 0.0, 4.1, 0.0, 3.8, 0.0, 0.0, 0.5519, 0.1530
2018-02-23, 10:44:00, 2018-02-23, 02:44:00, 57.9593, 137.7997, 37.5960, -122.3689, 1013.25, 0.0, 4.0, 0.0, 3.7, 0.0, 0.0, 0.5519, 0.1530
2018-02-23, 10:45:00, 2018-02-23, 02:45:00, 58.2267, 137.6314, 37.5960, -122.3689, 1013.25, 0.0, 4.0, 0.0, 3.7, 0.0, 0.0, 0.5519, 0.1530
2018-02-23, 10:46:00, 2018-02-23, 02:46:00, 58.4925, 137.4625, 37.5960, -122.3689, 1013.25, 0.0, 4.0, 0.0, 3.6, 0.0, 0.0, 0.5519, 0.1530
2018-02-23, 10:47:00, 2018-02-23, 02:47:00, 58.7569, 137.2932, 37.5960, -122.3689, 1013.25, 0.0, 3.9, 0.0, 3.6, 0.0, 0.0, 0.5519, 0.1530
2018-02-23, 10:48:00, 2018-02-23, 02:48:00, 59.0197, 137.1234, 37.5960, -122.3689, 1013.25, 0.0, 3.9, 0.0, 3.6, 0.0, 0.0, 0.5519, 0.1530
2018-02-23, 10:49:00, 2018-02-23, 02:49:00, 59.2811, 136.9532, 37.5960, -122.3689, 1013.25, 0.0, 3.9, 0.0, 3.6, 0.0, 0.0, 0.5519, 0.1530
2018-02-23, 10:50:00, 2018-02-23, 02:50:00, 59.5410, 136.7825, 37.5960, -122.3689, 1013.25, 0.0, 3.8, 0.0, 3.5, 0.0, 0.0, 0.5519, 0.1530
2018-02-23, 10:51:00, 2018-02-23, 02:51:00, 59.7994, 136.6113, 37.5960, -122.3689, 1013.25, 0.0, 3.8, 0.0, 3.5, 0.0, 0.0, 0.5519, 0.1530
2018-02-23, 10:52:00, 2018-02-23, 02:52:00, 60.0564, 136.4397, 37.5960, -122.3689, 1013.25, 0.0, 3.7, 0.0, 3.4, 0.0, 0.0, 0.5519, 0.1530
2018-02-23, 10:53:00, 2018-02-23, 02:53:00, 60.3119, 136.2676, 37.5960, -122.3689, 1013.25, 0.0, 3.7, 0.0, 3.4, 0.0, 0.0, 0.5519, 0.1530
2018-02-23, 10:54:00, 2018-02-23, 02:54:00, 60.5660, 136.0951, 37.5960, -122.3689, 1013.25, 0.0, 3.7, 0.0, 3.3, 0.0, 0.0, 0.5519, 0.1530
2018-02-23, 10:55:00, 2018-02-23, 02:55:00, 60.8187, 135.9222, 37.5960, -122.3689, 1013.25, 0.0, 3.6, 0.0, 3.3, 0.0, 0.0, 0.5519, 0.1530
2018-02-23, 10:56:00, 2018-02-23, 02:56:00, 61.0701, 135.7489, 37.5960, -122.3689, 1013.25, 0.0, 3.6, 0.0, 3.3, 0.0, 0.0, 0.5519, 0.1530
2018-02-23, 10:57:00, 2018-02-23, 02:57:00, 61.3200, 135.5751, 37.5960, -122.3689, 1013.25, 0.0, 3.5, 0.0, 3.2, 0.0, 0.0, 0.5519, 0.1530
2018-02-23, 10:58:00, 2018-02-23, 02:58:00, 61.5686, 135.4009, 37.5960, -122.3689, 1013.25, 0.0, 3.5, 0.0, 3.2, 0.0, 0.0, 0.5519, 0.1530
2018-02-23, 10:59:00, 2018-02-23, 02:59:00, 61.8159, 135.2263, 37.5960, -122.3689, 1013.25, 0.0, 3.4, 0.0, 3.1, 0.0, 0.0, 0.5519, 0.1530
2018-02-23, 11:00:00, 2018-02-23, 03:00:00, 62.0618, 135.0513, 37.5960, -122.3689, 1013.25, 0.0, 3.4, 0.0, 3.1, 0.0, 0.0, 0.5519, 0.1530
2018-02-23, 11:01:00, 2018-02-23, 03:01:00, 62.3064, 134.8759, 37.5960, -122.3689, 1013.25, 0.0, 3.3, 0.0, 3.0, 0.0, 0.0, 0.5519, 0.1530
2018-02-23, 11:02:00, 2018-02-23, 03:02:00, 62.5497, 134.7002, 37.5960, -122.3689, 1013.25, 0.0, 3.3, 0.0, 3.0, 0.0, 0.0, 0.5519, 0.1530
2018-02-23, 11:03:00, 2018-02-23, 03:03:00, 62.7917, 134.5240, 37.5960, -122.3689, 1013.25, 0.0, 3.3, 0.0, 2.9, 0.0, 0.0, 0.5519, 0.1530
2018-02-23, 11:04:00, 2018-02-23, 03:04:00, 63.0324, 134.3475, 37.5960, -122.3689, 1013.25, 0.0, 3.3, 0.0, 2.9, 0.0, 0.0, 0.5519, 0.1530
2018-02-23, 11:05:00, 2018-02-23, 03:05:00, 63.2719, 134.1705, 37.5960, -122.3689, 1013.25, 0.0, 3.2, 0.0, 2.9, 0.0, 0.0, 0.5519, 0.1530
2018-02-23, 11:06:00, 2018-02-23, 03:06:00, 63.5101, 133.9932, 37.5960, -122.3689, 1013.25, 0.0, 3.2, 0.0, 2.8, 0.0, 0.0, 0.5519, 0.1530
2018-02-23, 11:07:00, 2018-02-23, 03:07:00, 63.7471, 133.8156, 37.5960, -122.3689, 1013.25, 0.0, 3.2, 0.0, 2.8, 0.0, 0.0, 0.5519, 0.1530
2018-02-23, 11:08:00, 2018-02-23, 03:08:00, 63.9828, 133.6376, 37.5960, -122.3689, 1013.25, 0.0, 3.2, 0.0, 2.8, 0.0, 0.0, 0.5519, 0.1530
2018-02-23, 11:09:00, 2018-02-23, 03:09:00, 64.2173, 133.4592, 37.5960, -122.3689, 1013.25, 0.0, 3.2, 0.0, 2.8, 0.0, 0.0, 0.5519, 0.1530
2018-02-23, 11:10:00, 2018-02-23, 03:10:00, 64.4507, 133.2805, 37.5960, -122.3689, 1013.25, 0.0, 3.2, 0.0, 2.7, 0.0, 0.0, 0.5519, 0.1530
2018-02-23, 11:11:00, 2018-02-23, 03:11:00, 64.6828, 133.1014, 37.5960, -122.3689, 1013.25, 0.0, 3.1, 0.0, 2.7, 0.0, 0.0, 0.5519, 0.1530
2018-02-23, 11:12:00, 2018-02-23, 03:12:00, 64.9138, 132.9220, 37.5960, -122.3689, 1013.25, 0.0, 3.1, 0.0, 2.7, 0.0, 0.0, 0.5519, 0.1530
2018-02-23, 11:13:00, 2018-02-23, 03:13:00, 65.1436, 132.7422, 37.5960, -122.3689, 1013.25, 0.0, 3.1, 0.0, 2.7, 0.0, 0.0, 0.5519, 0.1530
2018-02-23, 11:14:00, 2018-02-23, 03:14:00, 65.3722, 132.5621, 37.5960, -122.3689, 1013.25, 0.0, 3.1, 0.0, 2.6, 0.0, 0.0, 0.5519, 0.1530
2018-02-23, 11:15:00, 2018-02-23, 03:15:00, 65.5998, 132.3817, 37.5960, -122.3689, 1013.25, 0.0, 3.0, 0.0, 2.6, 0.0, 0.0, 0.5519, 0.1530
2018-02-23, 11:16:00, 2018-02-23, 03:16:00, 65.8262, 132.2010, 37.5960, -122.3689, 1013.25, 0.0, 3.0, 0.0, 2.6, 0.0, 0.0, 0.5519, 0.1530
2018-02-23, 11:17:00, 2018-02-23, 03:17:00, 66.0515, 132.0199, 37.5960, -122.3689, 1013.25, 0.0, 3.0, 0.0, 2.6, 0.0, 0.0, 0.5519, 0.1530
2018-02-23, 11:18:00, 2018-02-23, 03:18:00, 66.2756, 131.8386, 37.5960, -122.3689, 1013.25, 0.0, 3.0, 0.0, 2.5, 0.0, 0.0, 0.5519, 0.1530
2018-02-23, 11:19:00, 2018-02-23, 03:19:00, 66.4987, 131.6569, 37.5960, -122.3689, 1013.25, 0.0, 3.0, 0.0, 2.5, 0.0, 0.0, 0.5519, 0.1530
2018-02-23, 11:20:00, 2018-02-23, 03:20:00, 66.7208, 131.4749, 37.5960, -122.3689, 1013.25, 0.0, 3.0, 0.0, 2.5, 0.0, 0.0, 0.5519, 0.1530
2018-02-23, 11:21:00, 2018-02-23, 03:21:00, 66.9417, 131.2926, 37.5960, -122.3689, 1013.25, 0.0, 3.0, 0.0, 2.5, 0.0, 0.0, 0.5519, 0.1530
2018-02-23, 11:22:00, 2018-02-23, 03:22:00, 67.1616, 131.1100, 37.5960, -122.3689, 1013.25, 0.0, 3.0, 0.0, 2.5, 0.0, 0.0, 0.5519, 0.1530
2018-02-23, 11:23:00, 2018-02-23, 03:23:00, 67.3805, 130.9271, 37.5960, -122.3689, 1013.25, 0.0, 2.9, 0.0, 2.5, 0.0, 0.0, 0.5519, 0.1530
2018-02-23, 11:24:00, 2018-02-23, 03:24:00, 67.5983, 130.7439, 37.5960, -122.3689, 1013.25, 0.0, 2.9, 0.0, 2.5, 0.0, 0.0, 0.5519, 0.1530
2018-02-23, 11:25:00, 2018-02-23, 03:25:00, 67.8151, 130.5605, 37.5960, -122.3689, 1013.25, 0.0, 2.9, 0.0, 2.4, 0.0, 0.0, 0.5519, 0.1530
2018-02-23, 11:26:00, 2018-02-23, 03:26:00, 68.0309, 130.3767, 37.5960, -122.3689, 1013.25, 0.0, 2.8, 0.0, 2.4, 0.0, 0.0, 0.5519, 0.1530
2018-02-23, 11:27:00, 2018-02-23, 03:27:00, 68.2457, 130.1927, 37.5960, -122.3689, 1013.25, 0.0, 2.8, 0.0, 2.4, 0.0, 0.0, 0.5519, 0.1530
2018-02-23, 11:28:00, 2018-02-23, 03:28:00, 68.4596, 130.0084, 37.5960, -122.3689, 1013.25, 0.0, 2.7, 0.0, 2.3, 0.0, 0.0, 0.5519, 0.1530
2018-02-23, 11:29:00, 2018-02-23, 03:29:00, 68.6724, 129.8239, 37.5960, -122.3689, 1013.25, 0.0, 2.7, 0.0, 2.3, 0.0, 0.0, 0.5519, 0.1530
2018-02-23, 11:30:00, 2018-02-23, 03:30:00, 68.8843, 129.6390, 37.5960, -122.3689, 1013.25, 0.0, 2.6, 0.0, 2.2, 0.0, 0.0, 0.5519, 0.1530
2018-02-23, 11:31:00, 2018-02-23, 03:31:00, 69.0952, 129.4539, 37.5960, -122.3689, 1013.25, 0.0, 2.6, 0.0, 2.2, 0.0, 0.0, 0.5519, 0.1530
2018-02-23, 11:32:00, 2018-02-23, 03:32:00, 69.3052, 129.2686, 37.5960, -122.3689, 1013.25, 0.0, 2.6, 0.0, 2.1, 0.0, 0.0, 0.5519, 0.1530
2018-02-23, 11:33:00, 2018-02-23, 03:33:00, 69.5143, 129.0830, 37.5960, -122.3689, 1013.25, 0.0, 2.6, 0.0, 2.1, 0.0, 0.0, 0.5519, 0.1530
2018-02-23, 11:34:00, 2018-02-23, 03:34:00, 69.7224, 128.8971, 37.5960, -122.3689, 1013.25, 0.0, 2.5, 0.0, 2.1, 0.0, 0.0, 0.5519, 0.1530
2018-02-23, 11:35:00, 2018-02-23, 03:35:00, 69.9296, 128.7110, 37.5960, -122.3689, 1013.25, 0.0, 2.5, 0.0, 2.0, 0.0, 0.0, 0.5519, 0.1530
2018-02-23, 11:36:00, 2018-02-23, 03:36:00, 70.1360, 128.5246, 37.5960, -122.3689, 1013.25, 0.0, 2.5, 0.0, 2.0, 0.0, 0.0, 0.5519, 0.1530
2018-02-23, 11:37:00, 2018-02-23, 03:37:00, 70.3414, 128.3380, 37.5960, -122.3689, 1013.25, 0.0, 2.5, 0.0, 2.0, 0.0, 0.0, 0.5519, 0.1530
2018-02-23, 11:38:00, 2018-02-23, 03:38:00, 70.5460, 128.1512, 37.5960, -122.3689, 1013.25, 0.0, 2.5, 0.0, 2.0, 0.0, 0.0, 0.5519, 0.1530
2018-02-23, 11:39:00, 2018-02-23, 03:39:00, 70.7496, 127.9641, 37.5960, -122.3689, 1013.25, 0.0, 2.5, 0.0, 2.0, 0.0, 0.0, 0.5519, 0.1530
2018-02-23, 11:40:00, 2018-02-23, 03:40:00, 70.9525, 127.7768, 37.5960, -122.3689, 1013.25, 0.0, 2.5, 0.0, 2.0, 0.0, 0.0, 0.5519, 0.1530
2018-02-23, 11:41:00, 2018-02-23, 03:41:00, 71.1544, 127.5893, 37.5960, -122.3689, 1013.25, 0.0, 2.5, 0.0, 2.0, 0.0, 0.0, 0.5519, 0.1530
2018-02-23, 11:42:00, 2018-02-23, 03:42:00, 71.3556, 127.4015, 37.5960, -122.3689, 1013.25, 0.0, 2.6, 0.0, 2.0, 0.0, 0.0, 0.5519, 0.1530
2018-02-23, 11:43:00, 2018-02-23, 03:43:00, 71.5559, 127.2136, 37.5960, -122.3689, 1013.25, 0.0, 2.6, 0.0, 2.0, 0.0, 0.0, 0.5519, 0.1530
2018-02-23, 11:44:00, 2018-02-23, 03:44:00, 71.7553, 127.0254, 37.5960, -122.3689, 1013.25, 0.0, 2.6, 0.0, 2.0, 0.0, 0.0, 0.5519, 0.1530
2018-02-23, 11:45:00, 2018-02-23, 03:45:00, 71.9540, 126.8370, 37.5960, -122.3689, 1013.25, 0.0, 2.6, 0.0, 2.0, 0.0, 0.0, 0.5519, 0.1530
2018-02-23, 11:46:00, 2018-02-23, 03:46:00, 72.1519, 126.6483, 37.5960, -122.3689, 1013.25, 0.0, 2.6, 0.0, 2.0, 0.0, 0.0, 0.5519, 0.1530
2018-02-23, 11:47:00, 2018-02-23, 03:47:00, 72.3489, 126.4595, 37.5960, -122.3689, 1013.25, 0.0, 2.6, 0.0, 2.0, 0.0, 0.0, 0.5519, 0.1530
2018-02-23, 11:48:00, 2018-02-23, 03:48:00, 72.5452, 126.2705, 37.5960, -122.3689, 1013.25, 0.0, 2.6, 0.0, 2.0, 0.0, 0.0, 0.5519, 0.1530
2018-02-23, 11:49:00, 2018-02-23, 03:49:00, 72.7407, 126.0812, 37.5960, -122.3689, 1013.25, 0.0, 2.6, 0.0, 2.0, 0.0, 0.0, 0.5519, 0.1530
2018-02-23, 11:50:00, 2018-02-23, 03:50:00, 72.9355, 125.8918, 37.5960, -122.3689, 1013.25, 0.0, 2.6, 0.0, 2.0, 0.0, 0.0, 0.5519, 0.1530
2018-02-23, 11:51:00, 2018-02-23, 03:51:00, 73.1294, 125.7022, 37.5960, -122.3689, 1013.25, 0.0, 2.6, 0.0, 2.0, 0.0, 0.0, 0.5519, 0.1530
2018-02-23, 11:52:00, 2018-02-23, 03:52:00, 73.3227, 125.5123, 37.5960, -122.3689, 1013.25, 0.0, 2.6, 0.0, 2.0, 0.0, 0.0, 0.5519, 0.1530
2018-02-23, 11:53:00, 2018-02-23, 03:53:00, 73.5152, 125.3223, 37.5960, -122.3689, 1013.25, 0.0, 2.6, 0.0, 2.0, 0.0, 0.0, 0.5519, 0.1530
2018-02-23, 11:54:00, 2018-02-23, 03:54:00, 73.7069, 125.1321, 37.5960, -122.3689, 1013.25, 0.0, 2.7, 0.0, 2.1, 0.0, 0.0, 0.5519, 0.1530
2018-02-23, 11:55:00, 2018-02-23, 03:55:00, 73.8980, 124.9417, 37.5960, -122.3689, 1013.25, 0.0, 2.7, 0.0, 2.1, 0.0, 0.0, 0.5519, 0.1530
2018-02-23, 11:56:00, 2018-02-23, 03:56:00, 74.0883, 124.7511, 37.5960, -122.3689, 1013.25, 0.0, 2.7, 0.0, 2.1, 0.0, 0.0, 0.5519, 0.1530
2018-02-23, 11:57:00, 2018-02-23, 03:57:00, 74.2779, 124.5604, 37.5960, -122.3689, 1013.25, 0.0, 2.7, 0.0, 2.1, 0.0, 0.0, 0.5519, 0.1530
2018-02-23, 11:58:00, 2018-02-23, 03:58:00, 74.4668, 124.3694, 37.5960, -122.3689, 1013.25, 0.0, 2.7, 0.0, 2.1, 0.0, 0.0, 0.5519, 0.1530
2018-02-23, 11:59:00, 2018-02-23, 03:59:00, 74.6551, 124.1783, 37.5960, -122.3689, 1013.25, 0.0, 2.7, 0.0, 2.1, 0.0, 0.0, 0.5519, 0.1530
2018-02-23, 12:00:00, 2018-02-23, 04:00:00, 74.8426, 123.9870, 37.5960, -122.3689, 1013.25, 0.0, 2.7, 0.0, 2.1, 0.0, 0.0, 0.5519, 0.1530
2018-02-23, 12:01:00, 2018-02-23, 04:01:00, 75.0295, 123.7956, 37.5960, -122.3689, 1013.25, 0.0, 2.7, 0.0, 2.1, 0.0, 0.0, 0.5519, 0.1530
2018-02-23, 12:02:00, 2018-02-23, 04:02:00, 75.2157, 123.6040, 37.5960, -122.3689, 1013.25, 0.0, 2.6, 0.0, 2.1, 0.0, 0.0, 0.5519, 0.1530
2018-02-23, 12:03:00, 2018-02-23, 04:03:00, 75.4013, 123.4122, 37.5960, -122.3689, 1013.25, 0.0, 2.6, 0.0, 2.0, 0.0, 0.0, 0.5519, 0.1530
2018-02-23, 12:04:00, 2018-02-23, 04:04:00, 75.5862, 123.2202, 37.5960, -122.3689, 1013.25, 0.0, 2.6, 0.0, 2.0, 0.0, 0.0, 0.5519, 0.1530
2018-02-23, 12:05:00, 2018-02-23, 04:05:00, 75.7705, 123.0281, 37.5960, -122.3689, 1013.25, 0.0, 2.6, 0.0, 2.0, 0.0, 0.0, 0.5519, 0.1530
2018-02-23, 12:06:00, 2018-02-23, 04:06:00, 75.9541, 122.8359, 37.5960, -122.3689, 1013.25, 0.0, 2.5, 0.0, 2.0, 0.0, 0.0, 0.5519, 0.1530
2018-02-23, 12:07:00, 2018-02-23, 04:07:00, 76.1371, 122.6435, 37.5960, -122.3689, 1013.25, 0.0, 2.5, 0.0, 2.0, 0.0, 0.0, 0.5519, 0.1530
2018-02-23, 12:08:00, 2018-02-23, 04:08:00, 76.3195, 122.4509, 37.5960, -122.3689, 1013.25, 0.0, 2.5, 0.0, 2.0, 0.0, 0.0, 0.5519, 0.1530
2018-02-23, 12:09:00, 2018-02-23, 04:09:00, 76.5013, 122.2582, 37.5960, -122.3689, 1013.25, 0.0, 2.5, 0.0, 2.0, 0.0, 0.0, 0.5519, 0.1530
2018-02-23, 12:10:00, 2018-02-23, 04:10:00, 76.6825, 122.0653, 37.5960, -122.3689, 1013.25, 0.0, 2.5, 0.0, 1.9, 0.0, 0.0, 0.5519, 0.1530
2018-02-23, 12:11:00, 2018-02-23, 04:11:00, 76.8631, 121.8723, 37.5960, -122.3689, 1013.25, 0.0, 2.5, 0.0, 1.9, 0.0, 0.0, 0.5519, 0.1530
2018-02-23, 12:12:00, 2018-02-23, 04:12:00, 77.0431, 121.6792, 37.5960, -122.3689, 1013.25, 0.0, 2.4, 0.0, 1.9, 0.0, 0.0, 0.5519, 0.1530
2018-02-23, 12:13:00, 2018-02-23, 04:13:00, 77.2225, 121.4859, 37.5960, -122.3689, 1013.25, 0.0, 2.4, 0.0, 1.9, 0.0, 0.0, 0.5519, 0.1530
2018-02-23, 12:14:00, 2018-02-23, 04:14:00, 77.4014, 121.2925, 37.5960, -122.3689, 1013.25, 0.0, 2.4, 0.0, 1.9, 0.0, 0.0, 0.5519, 0.1530
2018-02-23, 12:15:00, 2018-02-23, 04:15:00, 77.5796, 121.0989, 37.5960, -122.3689, 1013.25, 0.0, 2.4, 0.0, 1.9, 0.0, 0.0, 0.5519, 0.1530
2018-02-23, 12:16:00, 2018-02-23, 04:16:00, 77.7574, 120.9053, 37.5960, -122.3689, 1013.25, 0.0, 2.3, 0.0, 1.9, 0.0, 0.0, 0.5519, 0.1530
2018-02-23, 12:17:00, 2018-02-23, 04:17:00, 77.9345, 120.7114, 37.5960, -122.3689, 1013.25, 0.0, 2.3, 0.0, 1.8, 0.0, 0.0, 0.5519, 0.1530
2018-02-23, 12:18:00, 2018-02-23, 04:18:00, 78.1112, 120.5175, 37.5960, -122.3689, 1013.25, 0.0, 2.3, 0.0, 1.8, 0.0, 0.0, 0.5519, 0.1530
2018-02-23, 12:19:00, 2018-02-23, 04:19:00, 78.2873, 120.3234, 37.5960, -122.3689, 1013.25, 0.0, 2.3, 0.0, 1.8, 0.0, 0.0, 0.5519, 0.1530
2018-02-23, 12:20:00, 2018-02-23, 04:20:00, 78.4628, 120.1292, 37.5960, -122.3689, 1013.25, 0.0, 2.2, 0.0, 1.8, 0.0, 0.0, 0.5519, 0.1530
2018-02-23, 12:21:00, 2018-02-23, 04:21:00, 78.6379, 119.9349, 37.5960, -122.3689, 1013.25, 0.0, 2.2, 0.0, 1.8, 0.0, 0.0, 0.5519, 0.1530
2018-02-23, 12:22:00, 2018-02-23, 04:22:00, 78.8124, 119.7405, 37.5960, -122.3689, 1013.25, 0.0, 2.2, 0.0, 1.7, 0.0, 0.0, 0.5519, 0.1530
2018-02-23, 12:23:00, 2018-02-23, 04:23:00, 78.9864, 119.5459, 37.5960, -122.3689, 1013.25, 0.0, 2.1, 0.0, 1.7, 0.0, 0.0, 0.5519, 0.1530
2018-02-23, 12:24:00, 2018-02-23, 04:24:00, 79.1599, 119.3513, 37.5960, -122.3689, 1013.25, 0.0, 2.1, 0.0, 1.7, 0.0, 0.0, 0.5519, 0.1530
2018-02-23, 12:25:00, 2018-02-23, 04:25:00, 79.3329, 119.1565, 37.5960, -122.3689, 1013.25, 0.0, 2.1, 0.0, 1.7, 0.0, 0.0, 0.5519, 0.1530
2018-02-23, 12:26:00, 2018-02-23, 04:26:00, 79.5054, 118.9616, 37.5960, -122.3689, 1013.25, 0.0, 2.1, 0.0, 1.7, 0.0, 0.0, 0.5519, 0.1530
2018-02-23, 12:27:00, 2018-02-23, 04:27:00, 79.6775, 118.7666, 37.5960, -122.3689, 1013.25, 0.0, 2.1, 0.0, 1.7, 0.0, 0.0, 0.5519, 0.1530
2018-02-23, 12:28:00, 2018-02-23, 04:28:00, 79.8490, 118.5715, 37.5960, -122.3689, 1013.25, 0.0, 2.1, 0.0, 1.6, 0.0, 0.0, 0.5519, 0.1530
2018-02-23, 12:29:00, 2018-02-23, 04:29:00, 80.0201, 118.3763, 37.5960, -122.3689, 1013.25, 0.0, 2.0, 0.0, 1.6, 0.0, 0.0, 0.5519, 0.1530
2018-02-23, 12:30:00, 2018-02-23, 04:30:00, 80.1907, 118.1810, 37.5960, -122.3689, 1013.25, 0.0, 2.0, 0.0, 1.6, 0.0, 0.0, 0.5519, 0.1530
2018-02-23, 12:31:00, 2018-02-23, 04:31:00, 80.3609, 117.9856, 37.5960, -122.3689, 1013.25, 0.0, 2.0, 0.0, 1.6, 0.0, 0.0, 0.5519, 0.1530
2018-02-23, 12:32:00, 2018-02-23, 04:32:00, 80.5306, 117.7901, 37.5960, -122.3689, 1013.25, 0.0, 2.0, 0.0, 1.6, 0.0, 0.0, 0.5519, 0.1530
2018-02-23, 12:33:00, 2018-02-23, 04:33:00, 80.6998, 117.5945, 37.5960, -122.3689, 1013.25, 0.0, 2.0, 0.0, 1.5, 0.0, 0.0, 0.5519, 0.1530
2018-02-23, 12:34:00, 2018-02-23, 04:34:00, 80.8687, 117.3988, 37.5960, -122.3689, 1013.25, 0.0, 2.0, 0.0, 1.5, 0.0, 0.0, 0.5519, 0.1530
2018-02-23, 12:35:00, 2018-02-23, 04:35:00, 81.0371, 117.2030, 37.5960, -122.3689, 1013.25, 0.0, 2.0, 0.0, 1.5, 0.0, 0.0, 0.5519, 0.1530
2018-02-23, 12:36:00, 2018-02-23, 04:36:00, 81.2050, 117.0071, 37.5960, -122.3689, 1013.25, 0.0, 2.0, 0.0, 1.5, 0.0, 0.0, 0.5519, 0.1530
2018-02-23, 12:37:00, 2018-02-23, 04:37:00, 81.3725, 116.8112, 37.5960, -122.3689, 1013.25, 0.0, 2.0, 0.0, 1.5, 0.0, 0.0, 0.5519, 0.1530
2018-02-23, 12:38:00, 2018-02-23, 04:38:00, 81.5397, 116.6151, 37.5960, -122.3689, 1013.25, 0.0, 2.0, 0.0, 1.5, 0.0, 0.0, 0.5519, 0.1530
2018-02-23, 12:39:00, 2018-02-23, 04:39:00, 81.7064, 116.4190, 37.5960, -122.3689, 1013.25, 0.0, 2.0, 0.0, 1.5, 0.0, 0.0, 0.5519, 0.1530
2018-02-23, 12:40:00, 2018-02-23, 04:40:00, 81.8727, 116.2227, 37.5960, -122.3689, 1013.25, 0.0, 2.0, 0.0, 1.6, 0.0, 0.0, 0.5519, 0.1530
2018-02-23, 12:41:00, 2018-02-23, 04:41:00, 82.0386, 116.0264, 37.5960, -122.3689, 1013.25, 0.0, 2.1, 0.0, 1.6, 0.0, 0.0, 0.5519, 0.1530
2018-02-23, 12:42:00, 2018-02-23, 04:42:00, 82.2041, 115.8301, 37.5960, -122.3689, 1013.25, 0.0, 2.1, 0.0, 1.6, 0.0, 0.0, 0.5519, 0.1530
2018-02-23, 12:43:00, 2018-02-23, 04:43:00, 82.3692, 115.6336, 37.5960, -122.3689, 1013.25, 0.0, 2.1, 0.0, 1.6, 0.0, 0.0, 0.5519, 0.1530
2018-02-23, 12:44:00, 2018-02-23, 04:44:00, 82.5340, 115.4371, 37.5960, -122.3689, 1013.25, 0.0, 2.1, 0.0, 1.6, 0.0, 0.0, 0.5519, 0.1530
2018-02-23, 12:45:00, 2018-02-23, 04:45:00, 82.6983, 115.2404, 37.5960, -122.3689, 1013.25, 0.0, 2.1, 0.0, 1.6, 0.0, 0.0, 0.5519, 0.1530
2018-02-23, 12:46:00, 2018-02-23, 04:46:00, 82.8623, 115.0438, 37.5960, -122.3689, 1013.25, 0.0, 2.1, 0.0, 1.6, 0.0, 0.0, 0.5519, 0.1530
2018-02-23, 12:47:00, 2018-02-23, 04:47:00, 83.0260, 114.8470, 37.5960, -122.3689, 1013.25, 0.0, 2.1, 0.0, 1.6, 0.0, 0.0, 0.5519, 0.1530
2018-02-23, 12:48:00, 2018-02-23, 04:48:00, 83.1892, 114.6502, 37.5960, -122.3689, 1013.25, 0.0, 2.0, 0.0, 1.6, 0.0, 0.0, 0.5519, 0.1530
2018-02-23, 12:49:00, 2018-02-23, 04:49:00, 83.3521, 114.4533, 37.5960, -122.3689, 1013.25, 0.0, 2.0, 0.0, 1.6, 0.0, 0.0, 0.5519, 0.1530
2018-02-23, 12:50:00, 2018-02-23, 04:50:00, 83.5147, 114.2563, 37.5960, -122.3689, 1013.25, 0.0, 2.0, 0.0, 1.6, 0.0, 0.0, 0.5519, 0.1530
2018-02-23, 12:51:00, 2018-02-23, 04:51:00, 83.6769, 114.0593, 37.5960, -122.3689, 1013.25, 0.0, 2.0, 0.0, 1.6, 0.0, 0.0, 0.5519, 0.1530
2018-02-23, 12:52:00, 2018-02-23, 04:52:00, 83.8388, 113.8623, 37.5960, -122.3689, 1013.25, 0.0, 2.0, 0.0, 1.6, 0.0, 0.0, 0.5519, 0.1530
2018-02-23, 12:53:00, 2018-02-23, 04:53:00, 84.0004, 113.6651, 37.5960, -122.3689, 1013.25, 0.0, 1.9, 0.0, 1.6, 0.0, 0.0, 0.5519, 0.1530
2018-02-23, 12:54:00, 2018-02-23, 04:54:00, 84.1616, 113.4679, 37.5960, -122.3689, 1013.25, 0.0, 1.9, 0.0, 1.5, 0.0, 0.0, 0.5519, 0.1530
2018-02-23, 12:55:00, 2018-02-23, 04:55:00, 84.3225, 113.2707, 37.5960, -122.3689, 1013.25, 0.0, 1.9, 0.0, 1.5, 0.0, 0.0, 0.5519, 0.1530
2018-02-23, 12:56:00, 2018-02-23, 04:56:00, 84.4831, 113.0734, 37.5960, -122.3689, 1013.25, 0.0, 1.9, 0.0, 1.5, 0.0, 0.0, 0.5519, 0.1530
2018-02-23, 12:57:00, 2018-02-23, 04:57:00, 84.6434, 112.8760, 37.5960, -122.3689, 1013.25, 0.0, 1.9, 0.0, 1.6, 0.0, 0.0, 0.5519, 0.1530
2018-02-23, 12:58:00, 2018-02-23, 04:58:00, 84.8033, 112.6786, 37.5960, -122.3689, 1013.25, 0.0, 2.0, 0.0, 1.6, 0.0, 0.0, 0.5519, 0.1530
2018-02-23, 12:59:00, 2018-02-23, 04:59:00, 84.9630, 112.4811, 37.5960, -122.3689, 1013.25, 0.0, 2.0, 0.0, 1.6, 0.0, 0.0, 0.5519, 0.1530
2018-02-23, 13:00:00, 2018-02-23, 05:00:00, 85.1224, 112.2836, 37.5960, -122.3689, 1013.25, 0.0, 2.0, 0.0, 1.6, 0.0, 0.0, 0.5519, 0.1530
2018-02-23, 13:01:00, 2018-02-23, 05:01:00, 85.2814, 112.0861, 37.5960, -122.3689, 1013.25, 0.0, 1.9, 0.0, 1.6, 0.0, 0.0, 0.5519, 0.1530
2018-02-23, 13:02:00, 2018-02-23, 05:02:00, 85.4402, 111.8885, 37.5960, -122.3689, 1013.25, 0.0, 1.9, 0.0, 1.6, 0.0, 0.0, 0.5519, 0.1530
2018-02-23, 13:03:00, 2018-02-23, 05:03:00, 85.5987, 111.6908, 37.5960, -122.3689, 1013.25, 0.0, 1.9, 0.0, 1.5, 0.0, 0.0, 0.5519, 0.1530
2018-02-23, 13:04:00, 2018-02-23, 05:04:00, 85.7569, 111.4931, 37.5960, -122.3689, 1013.25, 0.0, 1.9, 0.0, 1.5, 0.0, 0.0, 0.5519, 0.1530
2018-02-23, 13:05:00, 2018-02-23, 05:05:00, 85.9149, 111.2954, 37.5960, -122.3689, 1013.25, 0.0, 1.9, 0.0, 1.5, 0.0, 0.0, 0.5519, 0.1530
2018-02-23, 13:06:00, 2018-02-23, 05:06:00, 86.0726, 111.0976, 37.5960, -122.3689, 1013.25, 0.0, 1.9, 0.0, 1.5, 0.0, 0.0, 0.5519, 0.1530
2018-02-23, 13:07:00, 2018-02-23, 05:07:00, 86.2300, 110.8998, 37.5960, -122.3689, 1013.25, 0.0, 1.9, 0.0, 1.5, 0.0, 0.0, 0.5519, 0.1530
2018-02-23, 13:08:00, 2018-02-23, 05:08:00, 86.3872, 110.7020, 37.5960, -122.3689, 1013.25, 0.0, 1.9, 0.0, 1.5, 0.0, 0.0, 0.5519, 0.1530
2018-02-23, 13:09:00, 2018-02-23, 05:09:00, 86.5441, 110.5041, 37.5960, -122.3689, 1013.25, 0.0, 1.9, 0.0, 1.5, 0.0, 0.0, 0.5519, 0.1530
2018-02-23, 13:10:00, 2018-02-23, 05:10:00, 86.7007, 110.3062, 37.5960, -122.3689, 1013.25, 0.0, 1.9, 0.0, 1.6, 0.0, 0.0, 0.5519, 0.1530
2018-02-23, 13:11:00, 2018-02-23, 05:11:00, 86.8571, 110.1083, 37.5960, -122.3689, 1013.25, 0.0, 1.9, 0.0, 1.6, 0.0, 0.0, 0.5519, 0.1530
2018-02-23, 13:12:00, 2018-02-23, 05:12:00, 87.0133, 109.9103, 37.5960, -122.3689, 1013.25, 0.0, 1.9, 0.0, 1.6, 0.0, 0.0, 0.5519, 0.1530
2018-02-23, 13:13:00, 2018-02-23, 05:13:00, 87.1693, 109.7123, 37.5960, -122.3689, 1013.25, 0.0, 1.9, 0.0, 1.6, 0.0, 0.0, 0.5519, 0.1530
2018-02-23, 13:14:00, 2018-02-23, 05:14:00, 87.3250, 109.5143, 37.5960, -122.3689, 1013.25, 0.0, 1.9, 0.0, 1.5, 0.0, 0.0, 0.5519, 0.1530
2018-02-23, 13:15:00, 2018-02-23, 05:15:00, 87.4805, 109.3162, 37.5960, -122.3689, 1013.25, 0.0, 1.9, 0.0, 1.5, 0.0, 0.0, 0.5519, 0.1530
2018-02-23, 13:16:00, 2018-02-23, 05:16:00, 87.6357, 109.1181, 37.5960, -122.3689, 1013.25, 0.0, 1.8, 0.0, 1.5, 0.0, 0.0, 0.5519, 0.1530
2018-02-23, 13:17:00, 2018-02-23, 05:17:00, 87.7908, 108.9201, 37.5960, -122.3689, 1013.25, 0.0, 1.8, 0.0, 1.5, 0.0, 0.0, 0.5519, 0.1530
2018-02-23, 13:18:00, 2018-02-23, 05:18:00, 87.9456, 108.7219, 37.5960, -122.3689, 1013.25, 0.0, 1.8, 0.0, 1.5, 0.0, 0.0, 0.5519, 0.1530
2018-02-23, 13:19:00, 2018-02-23, 05:19:00, 88.1002, 108.5238, 37.5960, -122.3689, 1013.25, 0.0, 1.8, 0.0, 1.5, 0.0, 0.0, 0.5519, 0.1530
2018-02-23, 13:20:00, 2018-02-23, 05:20:00, 88.2546, 108.3257, 37.5960, -122.3689, 1013.25, 0.0, 1.7, 0.0, 1.4, 0.0, 0.0, 0.5519, 0.1530
2018-02-23, 13:21:00, 2018-02-23, 05:21:00, 88.4089, 108.1275, 37.5960, -122.3689, 1013.25, 0.0, 1.7, 0.0, 1.4, 0.0, 0.0, 0.5519, 0.1530
2018-02-23, 13:22:00, 2018-02-23, 05:22:00, 88.5629, 107.9293, 37.5960, -122.3689, 1013.25, 0.0, 1.7, 0.0, 1.4, 0.0, 0.0, 0.5519, 0.1530
2018-02-23, 13:23:00, 2018-02-23, 05:23:00, 88.7167, 107.7311, 37.5960, -122.3689, 1013.25, 0.0, 1.7, 0.0, 1.4, 0.0, 0.0, 0.5519, 0.1530
2018-02-23, 13:24:00, 2018-02-23, 05:24:00, 88.8704, 107.5329, 37.5960, -122.3689, 1013.25, 0.0, 1.7, 0.0, 1.4, 0.0, 0.0, 0.5519, 0.1530
2018-02-23, 13:25:00, 2018-02-23, 05:25:00, 89.0238, 107.3347, 37.5960, -122.3689, 1013.25, 0.0, 1.7, 0.0, 1.3, 0.0, 0.0, 0.5519, 0.1530
2018-02-23, 13:26:00, 2018-02-23, 05:26:00, 89.1771, 107.1365, 37.5960, -122.3689, 1013.25, 0.0, 1.7, 0.0, 1.3, 0.0, 0.0, 0.5519, 0.1530
2018-02-23, 13:27:00, 2018-02-23, 05:27:00, 89.3302, 106.9382, 37.5960, -122.3689, 1013.25, 0.0, 1.7, 0.0, 1.3, 0.0, 0.0, 0.5519, 0.1530
2018-02-23, 13:28:00, 2018-02-23, 05:28:00, 89.4832, 106.7400, 37.5960, -122.3689, 1013.25, 0.0, 1.7, 0.0, 1.3, 0.0, 0.0, 0.5519, 0.1530
2018-02-23, 13:29:00, 2018-02-23, 05:29:00, 89.6360, 106.5417, 37.5960, -122.3689, 1013.25, 0.0, 1.7, 0.0, 1.3, 0.0, 0.0, 0.5519, 0.1530
2018-02-23, 13:30:00, 2018-02-23, 05:30:00, 89.7886, 106.3435, 37.5960, -122.3689, 1013.25, 0.0, 1.7, 0.0, 1.3, 0.0, 0.0, 0.5519, 0.1530
2018-02-23, 13:31:00, 2018-02-23, 05:31:00, 89.9410, 106.1452, 37.5960, -122.3689, 1013.25, 0.0, 1.7, 0.0, 1.4, 0.0, 0.0, 0.5519, 0.1530
2018-02-23, 13:32:00, 2018-02-23, 05:32:00, 90.0933, 105.9470, 37.5960, -122.3689, 1013.25, 0.0, 1.7, 0.0, 1.4, 0.0, 0.0, 0.5519, 0.1530
2018-02-23, 13:33:00, 2018-02-23, 05:33:00, 90.2455, 105.7487, 37.5960, -122.3689, 1013.25, 0.0, 1.7, 0.0, 1.4, 0.0, 0.0, 0.5519, 0.1530
2018-02-23, 13:34:00, 2018-02-23, 05:34:00, 90.3975, 105.5505, 37.5960, -122.3689, 1013.25, 0.0, 1.7, 0.0, 1.4, 0.0, 0.0, 0.5519, 0.1530
2018-02-23, 13:35:00, 2018-02-23, 05:35:00, 90.5494, 105.3522, 37.5960, -122.3689, 1013.25, 0.0, 1.7, 0.0, 1.4, 0.0, 0.0, 0.5519, 0.1530
2018-02-23, 13:36:00, 2018-02-23, 05:36:00, 90.7011, 105.1540, 37.5960, -122.3689, 1013.25, 0.0, 1.7, 0.0, 1.4, 0.0, 0.0, 0.5519, 0.1530
2018-02-23, 13:37:00, 2018-02-23, 05:37:00, 90.8527, 104.9558, 37.5960, -122.3689, 1013.25, 0.0, 1.7, 0.0, 1.4, 0.0, 0.0, 0.5519, 0.1530
2018-02-23, 13:38:00, 2018-02-23, 05:38:00, 91.0042, 104.7575, 37.5960, -122.3689, 1013.25, 0.0, 1.7, 0.0, 1.4, 0.0, 0.0, 0.5519, 0.1530
2018-02-23, 13:39:00, 2018-02-23, 05:39:00, 91.1555, 104.5593, 37.5960, -122.3689, 1013.25, 0.0, 1.8, 0.0, 1.4, 0.0, 0.0, 0.5519, 0.1530
2018-02-23, 13:40:00, 2018-02-23, 05:40:00, 91.3068, 104.3611, 37.5960, -122.3689, 1013.25, 0.0, 1.8, 0.0, 1.4, 0.0, 0.0, 0.5519, 0.1530
2018-02-23, 13:41:00, 2018-02-23, 05:41:00, 91.4579, 104.1629, 37.5960, -122.3689, 1013.25, 0.0, 1.8, 0.0, 1.4, 0.0, 0.0, 0.5519, 0.1530
2018-02-23, 13:42:00, 2018-02-23, 05:42:00, 91.6089, 103.9647, 37.5960, -122.3689, 1013.25, 0.0, 1.8, 0.0, 1.4, 0.0, 0.0, 0.5519, 0.1530
2018-02-23, 13:43:00, 2018-02-23, 05:43:00, 91.7598, 103.7666, 37.5960, -122.3689, 1013.25, 0.0, 1.8, 0.0, 1.4, 0.0, 0.0, 0.5519, 0.1530
2018-02-23, 13:44:00, 2018-02-23, 05:44:00, 91.9105, 103.5684, 37.5960, -122.3689, 1013.25, 0.0, 1.9, 0.0, 1.5, 0.0, 0.0, 0.5519, 0.1530
2018-02-23, 13:45:00, 2018-02-23, 05:45:00, 92.0612, 103.3703, 37.5960, -122.3689, 1013.25, 0.0, 1.9, 0.0, 1.5, 0.0, 0.0, 0.5519, 0.1530
2018-02-23, 13:46:00, 2018-02-23, 05:46:00, 92.2118, 103.1722, 37.5960, -122.3689, 1013.25, 0.0, 1.9, 0.0, 1.5, 0.0, 0.0, 0.5519, 0.1530
2018-02-23, 13:47:00, 2018-02-23, 05:47:00, 92.3623, 102.9741, 37.5960, -122.3689, 1013.25, 0.0, 1.9, 0.0, 1.5, 0.0, 0.0, 0.5519, 0.1530
2018-02-23, 13:48:00, 2018-02-23, 05:48:00, 92.5127, 102.7760, 37.5960, -122.3689, 1013.25, 0.0, 2.0, 0.0, 1.6, 0.0, 0.0, 0.5519, 0.1530
2018-02-23, 13:49:00, 2018-02-23, 05:49:00, 92.6630, 102.5780, 37.5960, -122.3689, 1013.25, 0.0, 2.0, 0.0, 1.6, 0.0, 0.0, 0.5519, 0.1530
2018-02-23, 13:50:00, 2018-02-23, 05:50:00, 92.8133, 102.3799, 37.5960, -122.3689, 1013.25, 0.0, 2.0, 0.0, 1.6, 0.0, 0.0, 0.5519, 0.1530
2018-02-23, 13:51:00, 2018-02-23, 05:51:00, 92.9634, 102.1819, 37.5960, -122.3689, 1013.25, 0.0, 1.9, 0.0, 1.6, 0.0, 0.0, 0.5519, 0.1530
2018-02-23, 13:52:00, 2018-02-23, 05:52:00, 93.1135, 101.9840, 37.5960, -122.3689, 1013.25, 0.0, 1.9, 0.0, 1.6, 0.0, 0.0, 0.5519, 0.1530
2018-02-23, 13:53:00, 2018-02-23, 05:53:00, 93.2635, 101.7860, 37.5960, -122.3689, 1013.25, 0.0, 1.9, 0.0, 1.6, 0.0, 0.0, 0.5519, 0.1530
2018-02-23, 13:54:00, 2018-02-23, 05:54:00, 93.4134, 101.5881, 37.5960, -122.3689, 1013.25, 0.0, 1.9, 0.0, 1.5, 0.0, 0.0, 0.5519, 0.1530
2018-02-23, 13:55:00, 2018-02-23, 05:55:00, 93.5633, 101.3902, 37.5960, -122.3689, 1013.25, 0.0, 1.9, 0.0, 1.6, 0.0, 0.0, 0.5519, 0.1530
2018-02-23, 13:56:00, 2018-02-23, 05:56:00, 93.7131, 101.1923, 37.5960, -122.3689, 1013.25, 0.0, 1.9, 0.0, 1.6, 0.0, 0.0, 0.5519, 0.1530
2018-02-23, 13:57:00, 2018-02-23, 05:57:00, 93.8629, 100.9945, 37.5960, -122.3689, 1013.25, 0.0, 1.9, 0.0, 1.6, 0.0, 0.0, 0.5519, 0.1530
2018-02-23, 13:58:00, 2018-02-23, 05:58:00, 94.0126, 100.7967, 37.5960, -122.3689, 1013.25, 0.0, 1.9, 0.0, 1.6, 0.0, 0.0, 0.5519, 0.1530
2018-02-23, 13:59:00, 2018-02-23, 05:59:00, 94.1623, 100.5990, 37.5960, -122.3689, 1013.25, 0.0, 1.8, 0.0, 1.5, 0.0, 0.0, 0.5519, 0.1530
2018-02-23, 14:00:00, 2018-02-23, 06:00:00, 94.3119, 100.4013, 37.5960, -122.3689, 1013.25, 0.0, 1.9, 0.0, 1.6, 0.0, 0.0, 0.5519, 0.1530
2018-02-23, 14:01:00, 2018-02-23, 06:01:00, 94.4615, 100.2036, 37.5960, -122.3689, 1013.25, 0.0, 1.9, 0.0, 1.6, 0.0, 0.0, 0.5519, 0.1530
2018-02-23, 14:02:00, 2018-02-23, 06:02:00, 94.6110, 100.0060, 37.5960, -122.3689, 1013.25, 0.0, 2.0, 0.0, 1.6, 0.0, 0.0, 0.5519, 0.1530
2018-02-23, 14:03:00, 2018-02-23, 06:03:00, 94.7605, 99.8084, 37.5960, -122.3689, 1013.25, 0.0, 2.0, 0.0, 1.7, 0.0, 0.0, 0.5519, 0.1530
2018-02-23, 14:04:00, 2018-02-23, 06:04:00, 94.9100, 99.6108, 37.5960, -122.3689, 1013.25, 0.0, 2.0, 0.0, 1.7, 0.0, 0.0, 0.5519, 0.1530
2018-02-23, 14:05:00, 2018-02-23, 06:05:00, 95.0594, 99.4133, 37.5960, -122.3689, 1013.25, 0.0, 2.1, 0.0, 1.7, 0.0, 0.0, 0.5519, 0.1530
2018-02-23, 14:06:00, 2018-02-23, 06:06:00, 95.2089, 99.2159, 37.5960, -122.3689, 1013.25, 0.0, 2.1, 0.0, 1.7, 0.0, 0.0, 0.5519, 0.1530
2018-02-23, 14:07:00, 2018-02-23, 06:07:00, 95.3583, 99.0185, 37.5960, -122.3689, 1013.25, 0.0, 2.1, 0.0, 1.8, 0.0, 0.0, 0.5519, 0.1530
2018-02-23, 14:08:00, 2018-02-23, 06:08:00, 95.5077, 98.8211, 37.5960, -122.3689, 1013.25, 0.0, 2.2, 0.0, 1.9, 0.0, 0.0, 0.5519, 0.1530
2018-02-23, 14:09:00, 2018-02-23, 06:09:00, 95.6570, 98.6238, 37.5960, -122.3689, 1013.25, 0.0, 2.3, 0.0, 1.9, 0.0, 0.0, 0.5519, 0.1530
2018-02-23, 14:10:00, 2018-02-23, 06:10:00, 95.8064, 98.4265, 37.5960, -122.3689, 1013.25, 0.0, 2.3, 0.0, 1.9, 0.0, 0.0, 0.5519, 0.1530
2018-02-23, 14:11:00, 2018-02-23, 06:11:00, 95.9558, 98.2293, 37.5960, -122.3689, 1013.25, 0.0, 2.3, 0.0, 1.9, 0.0, 0.0, 0.5519, 0.1530
2018-02-23, 14:12:00, 2018-02-23, 06:12:00, 96.1051, 98.0321, 37.5960, -122.3689, 1013.25, 0.0, 2.2, 0.0, 1.9, 0.0, 0.0, 0.5519, 0.1530
2018-02-23, 14:13:00, 2018-02-23, 06:13:00, 96.2545, 97.8350, 37.5960, -122.3689, 1013.25, 0.0, 2.2, 0.0, 1.9, 0.0, 0.0, 0.5519, 0.1530
2018-02-23, 14:14:00, 2018-02-23, 06:14:00, 96.4038, 97.6380, 37.5960, -122.3689, 1013.25, 0.0, 2.1, 0.0, 1.8, 0.0, 0.0, 0.5519, 0.1530
2018-02-23, 14:15:00, 2018-02-23, 06:15:00, 96.5532, 97.4410, 37.5960, -122.3689, 1013.25, 0.0, 2.1, 0.0, 1.8, 0.0, 0.0, 0.5519, 0.1530
2018-02-23, 14:16:00, 2018-02-23, 06:16:00, 96.7026, 97.2441, 37.5960, -122.3689, 1013.25, 0.0, 2.1, 0.0, 1.8, 0.0, 0.0, 0.5519, 0.1530
2018-02-23, 14:17:00, 2018-02-23, 06:17:00, 96.8520, 97.0472, 37.5960, -122.3689, 1013.25, 0.0, 2.0, 0.0, 1.8, 0.0, 0.0, 0.5519, 0.1530
2018-02-23, 14:18:00, 2018-02-23, 06:18:00, 97.0014, 96.8504, 37.5960, -122.3689, 1013.25, 0.0, 2.0, 0.0, 1.8, 0.0, 0.0, 0.5519, 0.1530
2018-02-23, 14:19:00, 2018-02-23, 06:19:00, 97.1509, 96.6536, 37.5960, -122.3689, 1013.25, 0.0, 2.0, 0.0, 1.7, 0.0, 0.0, 0.5519, 0.1530
2018-02-23, 14:20:00, 2018-02-23, 06:20:00, 97.3003, 96.4570, 37.5960, -122.3689, 1013.25, 0.0, 1.9, 0.0, 1.7, 0.0, 0.0, 0.5519, 0.1530
2018-02-23, 14:21:00, 2018-02-23, 06:21:00, 97.4498, 96.2603, 37.5960, -122.3689, 1013.25, 0.0, 1.9, 0.0, 1.7, 0.0, 0.0, 0.5519, 0.1530
2018-02-23, 14:22:00, 2018-02-23, 06:22:00, 97.5994, 96.0638, 37.5960, -122.3689, 1013.25, 0.0, 1.9, 0.0, 1.7, 0.0, 0.0, 0.5519, 0.1530
2018-02-23, 14:23:00, 2018-02-23, 06:23:00, 97.7489, 95.8673, 37.5960, -122.3689, 1013.25, 0.0, 1.9, 0.0, 1.7, 0.0, 0.0, 0.5519, 0.1530
2018-02-23, 14:24:00, 2018-02-23, 06:24:00, 97.8985, 95.6709, 37.5960, -122.3689, 1013.25, 0.0, 1.9, 0.0, 1.7, 0.0, 0.0, 0.5519, 0.1530
2018-02-23, 14:25:00, 2018-02-23, 06:25:00, 98.0482, 95.4746, 37.5960, -122.3689, 1013.25, 0.0, 1.9, 0.0, 1.6, 0.0, 0.0, 0.5519, 0.1530
2018-02-23, 14:26:00, 2018-02-23, 06:26:00, 98.1979, 95.2783, 37.5960, -122.3689, 1013.25, 0.0, 1.9, 0.0, 1.6, 0.0, 0.0, 0.5519, 0.1530
2018-02-23, 14:27:00, 2018-02-23, 06:27:00, 98.3477, 95.0821, 37.5960, -122.3689, 1013.25, 0.0, 1.9, 0.0, 1.6, 0.0, 0.0, 0.5519, 0.1530
2018-02-23, 14:28:00, 2018-02-23, 06:28:00, 98.4975, 94.8860, 37.5960, -122.3689, 1013.25, 0.0, 1.8, 0.0, 1.6, 0.0, 0.0, 0.5519, 0.1530
2018-02-23, 14:29:00, 2018-02-23, 06:29:00, 98.6473, 94.6899, 37.5960, -122.3689, 1013.25, 0.0, 1.9, 0.0, 1.6, 0.0, 0.0, 0.5519, 0.1530
2018-02-23, 14:30:00, 2018-02-23, 06:30:00, 98.7972, 94.4940, 37.5960, -122.3689, 1013.25, 0.0, 1.9, 0.0, 1.6, 0.0, 0.0, 0.5519, 0.1530
2018-02-23, 14:31:00, 2018-02-23, 06:31:00, 98.9472, 94.2981, 37.5960, -122.3689, 1013.25, 0.0, 1.9, 0.0, 1.6, 0.0, 0.0, 0.5519, 0.1530
2018-02-23, 14:32:00, 2018-02-23, 06:32:00, 99.0973, 94.1023, 37.5960, -122.3689, 1013.25, 0.0, 1.9, 0.0, 1.6, 0.0, 0.0, 0.5519, 0.1530
2018-02-23, 14:33:00, 2018-02-23, 06:33:00, 99.2474, 93.9066, 37.5960, -122.3689, 1013.25, 0.0, 1.9, 0.0, 1.6, 0.0, 0.0, 0.5519, 0.1530
2018-02-23, 14:34:00, 2018-02-23, 06:34:00, 99.3976, 93.7109, 37.5960, -122.3689, 1013.25, 0.0, 1.9, 0.0, 1.6, 0.0, 0.0, 0.5519, 0.1530
2018-02-23, 14:35:00, 2018-02-23, 06:35:00, 99.5479, 93.5154, 37.5960, -122.3689, 1013.25, 0.0, 1.9, 0.0, 1.6, 0.0, 0.0, 0.5519, 0.1530
2018-02-23, 14:36:00, 2018-02-23, 06:36:00, 99.6982, 93.3199, 37.5960, -122.3689, 1013.25, 0.0, 1.9, 0.0, 1.7, 0.0, 0.0, 0.5519, 0.1530
2018-02-23, 14:37:00, 2018-02-23, 06:37:00, 99.8487, 93.1245, 37.5960, -122.3689, 1013.25, 0.0, 1.9, 0.0, 1.7, 0.0, 0.0, 0.5519, 0.1530
2018-02-23, 14:38:00, 2018-02-23, 06:38:00, 99.9992, 92.9292, 37.5960, -122.3689, 1013.25, 0.0, 1.9, 0.0, 1.7, 0.0, 0.0, 0.5519, 0.1530
2018-02-23, 14:39:00, 2018-02-23, 06:39:00, 100.1498, 92.7340, 37.5960, -122.3689, 1013.25, 0.9, 1.9, 0.0, 1.7, 0.9, 0.0, 0.5519, 0.1530
2018-02-23, 14:40:00, 2018-02-23, 06:40:00, 100.3006, 92.5389, 37.5960, -122.3689, 1013.25, 1.0, 1.9, 0.0, 1.7, 1.0, 0.0, 0.5519, 0.1530
2018-02-23, 14:41:00, 2018-02-23, 06:41:00, 100.4514, 92.3439, 37.5960, -122.3689, 1013.25, 1.0, 1.9, 0.0, 1.7, 1.0, 0.0, 0.5519, 0.1530
2018-02-23, 14:42:00, 2018-02-23, 06:42:00, 100.6023, 92.1489, 37.5960, -122.3689, 1013.25, 1.3, 1.9, 0.0, 1.7, 1.3, 0.0, 0.5519, 0.1530
2018-02-23, 14:43:00, 2018-02-23, 06:43:00, 100.7533, 91.9541, 37.5960, -122.3689, 1013.25, 2.0, 1.9, 0.0, 1.7, 2.0, 0.0, 0.5519, 0.1531
2018-02-23, 14:44:00, 2018-02-23, 06:44:00, 100.9044, 91.7594, 37.5960, -122.3689, 1013.25, 2.0, 1.9, 0.0, 1.7, 2.0, 0.0, 0.5519, 0.1531
2018-02-23, 14:45:00, 2018-02-23, 06:45:00, 101.0557, 91.5648, 37.5960, -122.3689, 1013.25, 2.6, 1.9, 0.0, 1.6, 2.6, 0.0, 0.5519, 0.1531
2018-02-23, 14:46:00, 2018-02-23, 06:46:00, 101.2070, 91.3702, 37.5960, -122.3689, 1013.25, 3.0, 1.9, 0.0, 1.6, 3.0, 0.0, 0.5519, 0.1532
2018-02-23, 14:47:00, 2018-02-23, 06:47:00, 101.3585, 91.1758, 37.5960, -122.3689, 1013.25, 3.1, 1.9, 0.0, 1.6, 3.1, 0.0, 0.5519, 0.1532
2018-02-23, 14:48:00, 2018-02-23, 06:48:00, 101.5101, 90.9815, 37.5960, -122.3689, 1013.25, 4.0, 1.9, 0.0, 1.6, 4.0, 0.0, 0.5519, 0.1533
2018-02-23, 14:49:00, 2018-02-23, 06:49:00, 101.6618, 90.1856, 37.5960, -122.3689, 1013.25, 4.0, 1.9, 0.0, 1.6, 4.0, 0.0, 0.5519, 0.1534
2018-02-23, 14:50:00, 2018-02-23, 06:50:00, 101.8137, 90.0242, 37.5960, -122.3689, 1013.25, 4.7, 1.9, 0.0, 1.6, 4.7, 0.0, 0.5519, 0.1535
2018-02-23, 14:51:00, 2018-02-23, 06:51:00, 101.9657, 89.8621, 37.5960, -122.3689, 1013.25, 5.0, 1.9, 0.0, 1.6, 5.0, 0.0, 0.5519, 0.1535
2018-02-23, 14:52:00, 2018-02-23, 06:52:00, 102.1178, 89.6986, 37.5960, -122.3689, 1013.25, 5.7, 1.9, 0.0, 1.6, 5.7, 0.0, 0.5519, 0.1536
2018-02-23, 14:53:00, 2018-02-23, 06:53:00, 102.2701, 89.5336, 37.5960, -122.3689, 1013.25, 6.0, 1.9, 0.0, 1.6, 6.0, 0.0, 0.5519, 0.1537
2018-02-23, 14:54:00, 2018-02-23, 06:54:00, 102.4225, 89.3668, 37.5960, -122.3689, 1013.25, 7.0, 1.9, 0.0, 1.6, 7.0, 0.0, 0.5519, 0.1538
2018-02-23, 14:55:00, 2018-02-23, 06:55:00, 102.5750, 89.1983, 37.5960, -122.3689, 1013.25, 7.5, 1.9, 0.0, 1.6, 7.5, 0.0, 0.5519, 0.1540
2018-02-23, 14:56:00, 2018-02-23, 06:56:00, 102.7277, 89.0280, 37.5960, -122.3689, 1013.25, 8.0, 1.9, 0.0, 1.6, 8.0, 0.0, 0.5519, 0.1541
2018-02-23, 14:57:00, 2018-02-23, 06:57:00, 102.8806, 88.8561, 37.5960, -122.3689, 1013.25, 8.8, 1.9, 0.0, 1.6, 8.8, 0.0, 0.5519, 0.1543
2018-02-23, 14:58:00, 2018-02-23, 06:58:00, 103.0336, 88.6826, 37.5960, -122.3689, 1013.25, 9.1, 1.9, 0.0, 1.6, 9.1, 0.0, 0.5519, 0.1544
2018-02-23, 14:59:00, 2018-02-23, 06:59:00, 103.1867, 88.5078, 37.5960, -122.3689, 1013.25, 10.0, 1.9, 0.0, 1.6, 10.0, 0.0, 0.5519, 0.1546
2018-02-23, 15:00:00, 2018-02-23, 07:00:00, 103.3401, 88.3316, 37.5960, -122.3689, 1013.25, 10.4, 1.9, 0.0, 1.6, 10.4, 0.0, 0.5519, 0.1547
2018-02-23, 15:01:00, 2018-02-23, 07:01:00, 103.4935, 88.1543, 37.5960, -122.3689, 1013.25, 11.0, 1.9, 0.4, 1.6, 11.0, 0.0, 0.5519, 0.1549
2018-02-23, 15:02:00, 2018-02-23, 07:02:00, 103.6472, 87.9759, 37.5960, -122.3689, 1013.25, 11.7, 1.9, 1.1, 1.6, 11.7, 0.0, 0.5519, 0.1551
2018-02-23, 15:03:00, 2018-02-23, 07:03:00, 103.8010, 87.7966, 37.5960, -122.3689, 1013.25, 12.0, 1.9, 4.7, 1.6, 12.2, 0.0, 0.5519, 0.1553
2018-02-23, 15:04:00, 2018-02-23, 07:04:00, 103.9551, 87.6164, 37.5960, -122.3689, 1013.25, 13.0, 2.0, 3.6, 1.6, 13.1, 0.0, 0.5519, 0.1555
2018-02-23, 15:05:00, 2018-02-23, 07:05:00, 104.1093, 87.4355, 37.5960, -122.3689, 1013.25, 13.3, 2.0, 0.1, 1.6, 13.3, 0.0, 0.5519, 0.1558
2018-02-23, 15:06:00, 2018-02-23, 07:06:00, 104.2636, 87.2539, 37.5960, -122.3689, 1013.25, 14.0, 2.0, 1.1, 1.6, 14.0, 0.0, 0.5519, 0.1560
2018-02-23, 15:07:00, 2018-02-23, 07:07:00, 104.4182, 87.0717, 37.5960, -122.3689, 1013.25, 14.7, 1.9, 1.8, 1.6, 14.8, 0.0, 0.5519, 0.1562
2018-02-23, 15:08:00, 2018-02-23, 07:08:00, 104.5729, 86.8890, 37.5960, -122.3689, 1013.25, 15.1, 2.0, 1.3, 1.6, 15.1, 0.0, 0.5519, 0.1565
2018-02-23, 15:09:00, 2018-02-23, 07:09:00, 104.7279, 86.7057, 37.5960, -122.3689, 1013.25, 16.0, 2.0, 0.7, 1.7, 16.0, 0.0, 0.5519, 0.1568
2018-02-23, 15:10:00, 2018-02-23, 07:10:00, 104.8830, 86.5221, 37.5960, -122.3689, 1013.25, 16.6, 2.0, 0.0, 1.7, 16.6, 0.0, 0.5519, 0.1570
2018-02-23, 15:11:00, 2018-02-23, 07:11:00, 105.0384, 86.3381, 37.5960, -122.3689, 1013.25, 17.0, 2.0, 0.0, 1.7, 17.0, 0.0, 0.5519, 0.1573
2018-02-23, 15:12:00, 2018-02-23, 07:12:00, 105.1939, 86.1538, 37.5960, -122.3689, 1013.25, 17.9, 2.0, 0.0, 1.7, 17.9, 0.0, 0.5519, 0.1576
2018-02-23, 15:13:00, 2018-02-23, 07:13:00, 105.3497, 85.9691, 37.5960, -122.3689, 1013.25, 18.2, 2.0, 0.0, 1.7, 18.2, 0.0, 0.5519, 0.1579
2018-02-23, 15:14:00, 2018-02-23, 07:14:00, 105.5056, 85.7843, 37.5960, -122.3689, 1013.25, 19.0, 2.0, 0.0, 1.7, 19.0, 0.0, 0.5519, 0.1582
2018-02-23, 15:15:00, 2018-02-23, 07:15:00, 105.6618, 85.5992, 37.5960, -122.3689, 1013.25, 19.4, 2.0, 3.1, 1.7, 19.6, 0.0, 0.5519, 0.1586
2018-02-23, 15:16:00, 2018-02-23, 07:16:00, 105.8182, 85.4139, 37.5960, -122.3689, 1013.25, 20.0, 2.0, 10.4, 1.7, 20.8, 0.0, 0.5519, 0.1589
2018-02-23, 15:17:00, 2018-02-23, 07:17:00, 105.9748, 85.2284, 37.5960, -122.3689, 1013.25, 20.8, 2.0, 27.3, 1.7, 23.0, 0.0, 0.5519, 0.1593
2018-02-23, 15:18:00, 2018-02-23, 07:18:00, 106.1317, 85.0429, 37.5960, -122.3689, 1013.25, 21.1, 2.0, 30.4, 1.7, 23.6, 0.0, 0.5519, 0.1597
2018-02-23, 15:19:00, 2018-02-23, 07:19:00, 106.2888, 84.8572, 37.5960, -122.3689, 1013.25, 22.0, 2.1, 15.3, 1.7, 23.3, 0.0, 0.5519, 0.1601
2018-02-23, 15:20:00, 2018-02-23, 07:20:00, 106.4461, 84.6714, 37.5960, -122.3689, 1013.25, 22.3, 2.1, 7.4, 1.8, 23.0, 0.0, 0.5519, 0.1605
2018-02-23, 15:21:00, 2018-02-23, 07:21:00, 106.6036, 84.4855, 37.5960, -122.3689, 1013.25, 23.0, 2.1, 2.2, 1.8, 23.2, 0.0, 0.5519, 0.1609
2018-02-23, 15:22:00, 2018-02-23, 07:22:00, 106.7614, 84.2996, 37.5960, -122.3689, 1013.25, 23.6, 2.2, 2.4, 1.8, 23.8, 0.0, 0.5519, 0.1613
2018-02-23, 15:23:00, 2018-02-23, 07:23:00, 106.9194, 84.1137, 37.5960, -122.3689, 1013.25, 24.0, 2.2, 14.9, 1.8, 25.5, 0.0, 0.5519, 0.1617
2018-02-23, 15:24:00, 2018-02-23, 07:24:00, 107.0777, 83.9277, 37.5960, -122.3689, 1013.25, 24.7, 2.2, 17.1, 1.9, 26.5, 0.0, 0.5519, 0.1621
2018-02-23, 15:25:00, 2018-02-23, 07:25:00, 107.2362, 83.7417, 37.5960, -122.3689, 1013.25, 25.0, 2.3, 5.1, 1.9, 25.5, 0.0, 0.5519, 0.1625
2018-02-23, 15:26:00, 2018-02-23, 07:26:00, 107.3949, 83.5557, 37.5960, -122.3689, 1013.25, 25.8, 2.4, 1.6, 2.0, 26.0, 0.0, 0.5519, 0.1630
2018-02-23, 15:27:00, 2018-02-23, 07:27:00, 107.5540, 83.3698, 37.5960, -122.3689, 1013.25, 26.0, 2.4, 3.5, 2.1, 26.4, 0.0, 0.5519, 0.1634
2018-02-23, 15:28:00, 2018-02-23, 07:28:00, 107.7132, 83.1838, 37.5960, -122.3689, 1013.25, 26.8, 2.5, 1.8, 2.1, 27.0, 0.0, 0.5519, 0.1639
2018-02-23, 15:29:00, 2018-02-23, 07:29:00, 107.8728, 82.9979, 37.5960, -122.3689, 1013.25, 27.0, 2.5, 0.3, 2.2, 27.0, 0.0, 0.5519, 0.1643
2018-02-23, 15:30:00, 2018-02-23, 07:30:00, 108.0326, 82.8121, 37.5960, -122.3689, 1013.25, 27.8, 2.6, 1.6, 2.2, 28.0, 0.0, 0.5519, 0.1648
2018-02-23, 15:31:00, 2018-02-23, 07:31:00, 108.1927, 82.6263, 37.5960, -122.3689, 1013.25, 28.0, 2.6, 1.9, 2.3, 28.2, 0.0, 0.5519, 0.1653
2018-02-23, 15:32:00, 2018-02-23, 07:32:00, 108.3530, 82.4405, 37.5960, -122.3689, 1013.25, 28.8, 2.7, 1.3, 2.4, 29.0, 0.0, 0.5519, 0.1657
2018-02-23, 15:33:00, 2018-02-23, 07:33:00, 108.5137, 82.2549, 37.5960, -122.3689, 1013.25, 29.0, 2.8, 0.0, 2.4, 29.0, 0.0, 0.5519, 0.1662
2018-02-23, 15:34:00, 2018-02-23, 07:34:00, 108.6746, 82.0693, 37.5960, -122.3689, 1013.25, 29.8, 2.8, 0.1, 2.5, 29.8, 0.0, 0.5519, 0.1667
2018-02-23, 15:35:00, 2018-02-23, 07:35:00, 108.8358, 81.8838, 37.5960, -122.3689, 1013.25, 30.0, 2.8, 1.4, 2.5, 30.2, 0.0, 0.5519, 0.1672
2018-02-23, 15:36:00, 2018-02-23, 07:36:00, 108.9973, 81.6984, 37.5960, -122.3689, 1013.25, 30.6, 2.9, 2.0, 2.6, 30.9, 0.0, 0.5519, 0.1677
2018-02-23, 15:37:00, 2018-02-23, 07:37:00, 109.1590, 81.5131, 37.5960, -122.3689, 1013.25, 31.0, 3.0, 8.2, 2.7, 32.2, 0.0, 0.5519, 0.1683
2018-02-23, 15:38:00, 2018-02-23, 07:38:00, 109.3211, 81.3279, 37.5960, -122.3689, 1013.25, 31.4, 3.1, 21.7, 2.8, 34.7, 0.0, 0.5519, 0.1688
2018-02-23, 15:39:00, 2018-02-23, 07:39:00, 109.4835, 81.1428, 37.5960, -122.3689, 1013.25, 32.0, 3.1, 86.0, 2.8, 45.1, 1.0, 0.5522, 0.1696
2018-02-23, 15:40:00, 2018-02-23, 07:40:00, 109.6462, 80.9578, 37.5960, -122.3689, 1013.25, 32.1, 3.2, 174.0, 2.9, 59.2, 60.0, 0.5689, 0.1706
2018-02-23, 15:41:00, 2018-02-23, 07:41:00, 109.8091, 80.7730, 37.5960, -122.3689, 1013.25, 33.0, 3.3, 361.2, 3.0, 90.4, 60.0, 0.5856, 0.1721
2018-02-23, 15:42:00, 2018-02-23, 07:42:00, 109.9724, 80.5883, 37.5960, -122.3689, 1013.25, 33.0, 3.4, 532.3, 3.1, 119.2, 60.0, 0.6022, 0.1741
2018-02-23, 15:43:00, 2018-02-23, 07:43:00, 110.1360, 80.4037, 37.5960, -122.3689, 1013.25, 33.9, 3.5, 578.7, 3.2, 129.4, 60.0, 0.6189, 0.1762
2018-02-23, 15:44:00, 2018-02-23, 07:44:00, 110.3000, 80.2192, 37.5960, -122.3689, 1013.25, 34.0, 3.5, 586.2, 3.4, 132.6, 60.0, 0.6356, 0.1784
2018-02-23, 15:45:00, 2018-02-23, 07:45:00, 110.4642, 80.0349, 37.5960, -122.3689, 1013.25, 34.6, 3.6, 591.7, 3.5, 136.0, 60.0, 0.6522, 0.1807
2018-02-23, 15:46:00, 2018-02-23, 07:46:00, 110.6288, 79.8508, 37.5960, -122.3689, 1013.25, 35.0, 3.7, 594.8, 3.6, 138.9, 60.0, 0.6689, 0.1830
2018-02-23, 15:47:00, 2018-02-23, 07:47:00, 110.7937, 79.6668, 37.5960, -122.3689, 1013.25, 35.1, 3.8, 597.4, 3.7, 141.3, 60.0, 0.6856, 0.1854
2018-02-23, 15:48:00, 2018-02-23, 07:48:00, 110.9589, 79.4829, 37.5960, -122.3689, 1013.25, 36.0, 3.9, 606.7, 3.8, 145.8, 60.0, 0.7022, 0.1878
2018-02-23, 15:49:00, 2018-02-23, 07:49:00, 111.1244, 79.2993, 37.5960, -122.3689, 1013.25, 36.0, 4.0, 614.3, 3.9, 149.1, 60.0, 0.7189, 0.1903
2018-02-23, 15:50:00, 2018-02-23, 07:50:00, 111.2903, 79.1157, 37.5960, -122.3689, 1013.25, 36.6, 4.0, 620.2, 4.0, 152.7, 60.0, 0.7356, 0.1928
2018-02-23, 15:51:00, 2018-02-23, 07:51:00, 111.4566, 78.9324, 37.5960, -122.3689, 1013.25, 37.0, 4.1, 623.9, 4.1, 155.8, 60.0, 0.7522, 0.1954
2018-02-23, 15:52:00, 2018-02-23, 07:52:00, 111.6232, 78.7492, 37.5960, -122.3689, 1013.25, 37.0, 4.2, 629.8, 4.3, 158.9, 60.0, 0.7689, 0.1981
2018-02-23, 15:53:00, 2018-02-23, 07:53:00, 111.7901, 78.5662, 37.5960, -122.3689, 1013.25, 37.9, 4.4, 635.4, 4.4, 162.8, 60.0, 0.7856, 0.2008
2018-02-23, 15:54:00, 2018-02-23, 07:54:00, 111.9574, 78.3834, 37.5960, -122.3689, 1013.25, 38.0, 4.5, 640.4, 4.5, 165.9, 60.0, 0.8022, 0.2036
2018-02-23, 15:55:00, 2018-02-23, 07:55:00, 112.1250, 78.2007, 37.5960, -122.3689, 1013.25, 38.4, 4.6, 648.3, 4.7, 170.0, 60.0, 0.8189, 0.2064
2018-02-23, 15:56:00, 2018-02-23, 07:56:00, 112.2931, 78.0183, 37.5960, -122.3689, 1013.25, 39.0, 4.8, 651.9, 4.8, 173.3, 60.0, 0.8356, 0.2093
2018-02-23, 15:57:00, 2018-02-23, 07:57:00, 112.4614, 77.8360, 37.5960, -122.3689, 1013.25, 39.0, 4.9, 656.8, 4.9, 176.3, 60.0, 0.8522, 0.2122
2018-02-23, 15:58:00, 2018-02-23, 07:58:00, 112.6302, 77.6539, 37.5960, -122.3689, 1013.25, 39.1, 5.0, 662.7, 5.1, 179.8, 60.0, 0.8689, 0.2152
2018-02-23, 15:59:00, 2018-02-23, 07:59:00, 112.7993, 77.4720, 37.5960, -122.3689, 1013.25, 40.0, 5.1, 665.5, 5.2, 183.3, 60.0, 0.8856, 0.2183
2018-02-23, 16:00:00, 2018-02-23, 08:00:00, 112.9688, 77.2904, 37.5960, -122.3689, 1013.25, 40.0, 5.2, 671.3, 5.3, 186.6, 60.0, 0.9022, 0.2214
2018-02-23, 16:01:00, 2018-02-23, 08:01:00, 113.1387, 77.1089, 37.5960, -122.3689, 1013.25, 40.3, 5.3, 676.1, 5.4, 190.1, 60.0, 0.9189, 0.2246
2018-02-23, 16:02:00, 2018-02-23, 08:02:00, 113.3089, 76.9276, 37.5960, -122.3689, 1013.25, 41.0, 5.4, 683.5, 5.5, 194.5, 60.0, 0.9356, 0.2278
2018-02-23, 16:03:00, 2018-02-23, 08:03:00, 113.4796, 76.7465, 37.5960, -122.3689, 1013.25, 41.0, 5.5, 684.4, 5.6, 196.8, 60.0, 0.9522, 0.2311
2018-02-23, 16:04:00, 2018-02-23, 08:04:00, 113.6506, 76.5657, 37.5960, -122.3689, 1013.25, 41.0, 5.6, 687.0, 5.7, 199.5, 60.0, 0.9689, 0.2344
2018-02-23, 16:05:00, 2018-02-23, 08:05:00, 113.8220, 76.3850, 37.5960, -122.3689, 1013.25, 41.4, 5.6, 690.9, 5.8, 203.0, 60.0, 0.9856, 0.2378
2018-02-23, 16:06:00, 2018-02-23, 08:06:00, 113.9938, 76.2046, 37.5960, -122.3689, 1013.25, 42.0, 5.7, 697.9, 5.9, 207.3, 60.0, 1.0022, 0.2412
2018-02-23, 16:07:00, 2018-02-23, 08:07:00, 114.1661, 76.0244, 37.5960, -122.3689, 1013.25, 42.0, 5.8, 699.1, 6.0, 209.8, 60.0, 1.0189, 0.2447
2018-02-23, 16:08:00, 2018-02-23, 08:08:00, 114.3387, 75.8444, 37.5960, -122.3689, 1013.25, 42.0, 5.9, 711.0, 6.1, 214.8, 60.0, 1.0356, 0.2483
2018-02-23, 16:09:00, 2018-02-23, 08:09:00, 114.5118, 75.6647, 37.5960, -122.3689, 1013.25, 42.6, 5.9, 713.7, 6.2, 218.2, 60.0, 1.0522, 0.2520
2018-02-23, 16:10:00, 2018-02-23, 08:10:00, 114.6852, 75.4851, 37.5960, -122.3689, 1013.25, 43.0, 6.0, 715.7, 6.2, 221.3, 60.0, 1.0689, 0.2556
2018-02-23, 16:11:00, 2018-02-23, 08:11:00, 114.8591, 75.3059, 37.5960, -122.3689, 1013.25, 43.0, 6.1, 718.8, 6.3, 224.2, 60.0, 1.0856, 0.2594
2018-02-23, 16:12:00, 2018-02-23, 08:12:00, 115.0334, 75.1268, 37.5960, -122.3689, 1013.25, 43.0, 6.1, 724.8, 6.4, 227.9, 60.0, 1.1022, 0.2632
2018-02-23, 16:13:00, 2018-02-23, 08:13:00, 115.2081, 74.9480, 37.5960, -122.3689, 1013.25, 43.8, 6.2, 725.6, 6.5, 231.1, 60.0, 1.1189, 0.2670
2018-02-23, 16:14:00, 2018-02-23, 08:14:00, 115.3833, 74.7694, 37.5960, -122.3689, 1013.25, 44.0, 6.2, 732.0, 6.5, 235.2, 60.0, 1.1356, 0.2710
2018-02-23, 16:15:00, 2018-02-23, 08:15:00, 115.5589, 74.5911, 37.5960, -122.3689, 1013.25, 44.0, 6.3, 733.2, 6.6, 237.7, 60.0, 1.1522, 0.2749
2018-02-23, 16:16:00, 2018-02-23, 08:16:00, 115.7349, 74.4130, 37.5960, -122.3689, 1013.25, 44.0, 6.3, 733.3, 6.7, 239.9, 60.0, 1.1689, 0.2789
2018-02-23, 16:17:00, 2018-02-23, 08:17:00, 115.9114, 74.2351, 37.5960, -122.3689, 1013.25, 44.8, 6.4, 740.5, 6.7, 244.8, 60.0, 1.1856, 0.2830
2018-02-23, 16:18:00, 2018-02-23, 08:18:00, 116.0883, 74.0576, 37.5960, -122.3689, 1013.25, 45.0, 6.4, 740.4, 6.8, 247.3, 60.0, 1.2022, 0.2871
2018-02-23, 16:19:00, 2018-02-23, 08:19:00, 116.2657, 73.8802, 37.5960, -122.3689, 1013.25, 45.0, 6.5, 745.9, 6.8, 251.0, 60.0, 1.2189, 0.2913
2018-02-23, 16:20:00, 2018-02-23, 08:20:00, 116.4435, 73.7032, 37.5960, -122.3689, 1013.25, 45.0, 6.5, 749.5, 6.9, 254.2, 60.0, 1.2356, 0.2955
2018-02-23, 16:21:00, 2018-02-23, 08:21:00, 116.6218, 73.5263, 37.5960, -122.3689, 1013.25, 45.0, 6.6, 753.7, 7.0, 257.6, 60.0, 1.2522, 0.2998
2018-02-23, 16:22:00, 2018-02-23, 08:22:00, 116.8005, 73.3498, 37.5960, -122.3689, 1013.25, 45.1, 6.7, 763.1, 7.1, 262.6, 60.0, 1.2689, 0.3042
2018-02-23, 16:23:00, 2018-02-23, 08:23:00, 116.9797, 73.1735, 37.5960, -122.3689, 1013.25, 46.0, 6.7, 760.8, 7.1, 265.1, 60.0, 1.2856, 0.3086
2018-02-23, 16:24:00, 2018-02-23, 08:24:00, 117.1594, 72.9975, 37.5960, -122.3689, 1013.25, 46.0, 6.8, 764.2, 7.2, 268.3, 60.0, 1.3022, 0.3131
2018-02-23, 16:25:00, 2018-02-23, 08:25:00, 117.3395, 72.8218, 37.5960, -122.3689, 1013.25, 46.0, 6.8, 770.9, 7.2, 272.5, 60.0, 1.3189, 0.3176
2018-02-23, 16:26:00, 2018-02-23, 08:26:00, 117.5202, 72.6463, 37.5960, -122.3689, 1013.25, 46.0, 6.8, 772.6, 7.3, 275.3, 60.0, 1.3356, 0.3222
2018-02-23, 16:27:00, 2018-02-23, 08:27:00, 117.7013, 72.4711, 37.5960, -122.3689, 1013.25, 46.0, 6.9, 777.5, 7.4, 279.0, 60.0, 1.3522, 0.3269
2018-02-23, 16:28:00, 2018-02-23, 08:28:00, 117.8829, 72.2962, 37.5960, -122.3689, 1013.25, 46.8, 7.0, 779.0, 7.5, 282.5, 60.0, 1.3689, 0.3316
2018-02-23, 16:29:00, 2018-02-23, 08:29:00, 118.0649, 72.1216, 37.5960, -122.3689, 1013.25, 47.0, 7.0, 784.6, 7.6, 286.7, 60.0, 1.3856, 0.3364
2018-02-23, 16:30:00, 2018-02-23, 08:30:00, 118.2475, 71.9472, 37.5960, -122.3689, 1013.25, 47.0, 7.1, 787.7, 7.6, 289.9, 60.0, 1.4022, 0.3412
2018-02-23, 16:31:00, 2018-02-23, 08:31:00, 118.4306, 71.7732, 37.5960, -122.3689, 1013.25, 47.0, 7.1, 789.3, 7.7, 292.7, 60.0, 1.4189, 0.3461
2018-02-23, 16:32:00, 2018-02-23, 08:32:00, 118.6141, 71.5994, 37.5960, -122.3689, 1013.25, 47.0, 7.2, 792.4, 7.7, 296.0, 60.0, 1.4356, 0.3510
2018-02-23, 16:33:00, 2018-02-23, 08:33:00, 118.7982, 71.4260, 37.5960, -122.3689, 1013.25, 47.9, 7.2, 796.2, 7.8, 300.3, 60.0, 1.4522, 0.3560
2018-02-23, 16:34:00, 2018-02-23, 08:34:00, 118.9828, 71.2528, 37.5960, -122.3689, 1013.25, 48.0, 7.3, 799.0, 7.8, 303.6, 60.0, 1.4689, 0.3611
2018-02-23, 16:35:00, 2018-02-23, 08:35:00, 119.1679, 71.0800, 37.5960, -122.3689, 1013.25, 48.0, 7.3, 803.0, 7.9, 307.2, 60.0, 1.4856, 0.3662
2018-02-23, 16:36:00, 2018-02-23, 08:36:00, 119.3535, 70.9074, 37.5960, -122.3689, 1013.25, 48.0, 7.4, 804.3, 7.9, 309.9, 60.0, 1.5022, 0.3714
2018-02-23, 16:37:00, 2018-02-23, 08:37:00, 119.5397, 70.7351, 37.5960, -122.3689, 1013.25, 48.4, 7.4, 804.3, 8.0, 312.6, 60.0, 1.5189, 0.3766
2018-02-23, 16:38:00, 2018-02-23, 08:38:00, 119.7263, 70.5632, 37.5960, -122.3689, 1013.25, 49.0, 7.5, 807.0, 8.1, 316.4, 60.0, 1.5356, 0.3818
2018-02-23, 16:39:00, 2018-02-23, 08:39:00, 119.9135, 70.3916, 37.5960, -122.3689, 1013.25, 49.0, 7.6, 809.0, 8.2, 319.3, 60.0, 1.5522, 0.3872
2018-02-23, 16:40:00, 2018-02-23, 08:40:00, 120.1012, 70.2203, 37.5960, -122.3689, 1013.25, 49.0, 7.6, 809.0, 8.2, 321.6, 60.0, 1.5689, 0.3925
2018-02-23, 16:41:00, 2018-02-23, 08:41:00, 120.2895, 70.0493, 37.5960, -122.3689, 1013.25, 49.0, 7.7, 812.7, 8.3, 325.2, 60.0, 1.5856, 0.3979
2018-02-23, 16:42:00, 2018-02-23, 08:42:00, 120.4783, 69.8786, 37.5960, -122.3689, 1013.25, 50.0, 7.7, 814.1, 8.3, 328.9, 60.0, 1.6022, 0.4034
2018-02-23, 16:43:00, 2018-02-23, 08:43:00, 120.6677, 69.7082, 37.5960, -122.3689, 1013.25, 50.0, 7.7, 814.7, 8.3, 331.4, 60.0, 1.6189, 0.4089
2018-02-23, 16:44:00, 2018-02-23, 08:44:00, 120.8576, 69.5382, 37.5960, -122.3689, 1013.25, 50.0, 7.8, 817.1, 8.4, 334.5, 60.0, 1.6356, 0.4145
2018-02-23, 16:45:00, 2018-02-23, 08:45:00, 121.0480, 69.3685, 37.5960, -122.3689, 1013.25, 50.0, 7.9, 818.3, 8.5, 337.2, 60.0, 1.6522, 0.4201
2018-02-23, 16:46:00, 2018-02-23, 08:46:00, 121.2390, 69.1991, 37.5960, -122.3689, 1013.25, 50.1, 8.0, 820.0, 8.6, 340.2, 60.0, 1.6689, 0.4258
2018-02-23, 16:47:00, 2018-02-23, 08:47:00, 121.4306, 69.0301, 37.5960, -122.3689, 1013.25, 51.0, 8.1, 823.4, 8.7, 344.5, 60.0, 1.6856, 0.4316
2018-02-23, 16:48:00, 2018-02-23, 08:48:00, 121.6227, 68.8614, 37.5960, -122.3689, 1013.25, 51.0, 8.2, 829.2, 8.8, 348.9, 60.0, 1.7022, 0.4374
2018-02-23, 16:49:00, 2018-02-23, 08:49:00, 121.8155, 68.6931, 37.5960, -122.3689, 1013.25, 51.0, 8.3, 830.8, 8.9, 351.7, 60.0, 1.7189, 0.4432
2018-02-23, 16:50:00, 2018-02-23, 08:50:00, 122.0087, 68.5251, 37.5960, -122.3689, 1013.25, 51.0, 8.3, 832.2, 8.9, 354.5, 60.0, 1.7356, 0.4491
2018-02-23, 16:51:00, 2018-02-23, 08:51:00, 122.2026, 68.3575, 37.5960, -122.3689, 1013.25, 51.0, 8.4, 833.9, 9.0, 357.4, 60.0, 1.7522, 0.4551
2018-02-23, 16:52:00, 2018-02-23, 08:52:00, 122.3971, 68.1902, 37.5960, -122.3689, 1013.25, 51.0, 8.5, 839.7, 9.1, 361.8, 60.0, 1.7689, 0.4611
2018-02-23, 16:53:00, 2018-02-23, 08:53:00, 122.5921, 68.0232, 37.5960, -122.3689, 1013.25, 51.0, 8.5, 841.9, 9.1, 364.9, 60.0, 1.7856, 0.4672
2018-02-23, 16:54:00, 2018-02-23, 08:54:00, 122.7877, 67.8566, 37.5960, -122.3689, 1013.25, 51.0, 8.5, 846.2, 9.1, 368.8, 60.0, 1.8022, 0.4734
2018-02-23, 16:55:00, 2018-02-23, 08:55:00, 122.9839, 67.6904, 37.5960, -122.3689, 1013.25, 51.6, 8.6, 849.2, 9.2, 372.8, 60.0, 1.8189, 0.4796
2018-02-23, 16:56:00, 2018-02-23, 08:56:00, 123.1808, 67.5245, 37.5960, -122.3689, 1013.25, 52.0, 8.6, 850.1, 9.3, 375.8, 60.0, 1.8356, 0.4858
2018-02-23, 16:57:00, 2018-02-23, 08:57:00, 123.3782, 67.3591, 37.5960, -122.3689, 1013.25, 52.0, 8.7, 852.1, 9.4, 378.9, 60.0, 1.8522, 0.4921
2018-02-23, 16:58:00, 2018-02-23, 08:58:00, 123.5762, 67.1939, 37.5960, -122.3689, 1013.25, 52.0, 8.7, 854.8, 9.4, 382.2, 60.0, 1.8689, 0.4985
2018-02-23, 16:59:00, 2018-02-23, 08:59:00, 123.7749, 67.0292, 37.5960, -122.3689, 1013.25, 52.0, 8.8, 857.5, 9.5, 385.5, 60.0, 1.8856, 0.5049
2018-02-23, 17:00:00, 2018-02-23, 09:00:00, 123.9741, 66.8648, 37.5960, -122.3689, 1013.25, 52.0, 8.8, 859.7, 9.5, 388.6, 60.0, 1.9022, 0.5114
2018-02-23, 17:01:00, 2018-02-23, 09:01:00, 124.1740, 66.7008, 37.5960, -122.3689, 1013.25, 52.0, 8.8, 862.4, 9.5, 392.0, 60.0, 1.9189, 0.5180
2018-02-23, 17:02:00, 2018-02-23, 09:02:00, 124.3745, 66.5372, 37.5960, -122.3689, 1013.25, 52.0, 8.8, 867.0, 9.5, 396.0, 60.0, 1.9356, 0.5246
2018-02-23, 17:03:00, 2018-02-23, 09:03:00, 124.5756, 66.3740, 37.5960, -122.3689, 1013.25, 52.0, 8.8, 867.9, 9.5, 398.7, 60.0, 1.9522, 0.5312
2018-02-23, 17:04:00, 2018-02-23, 09:04:00, 124.7774, 66.2112, 37.5960, -122.3689, 1013.25, 52.0, 8.8, 869.9, 9.5, 401.7, 60.0, 1.9689, 0.5379
2018-02-23, 17:05:00, 2018-02-23, 09:05:00, 124.9798, 66.0488, 37.5960, -122.3689, 1013.25, 52.0, 8.8, 873.3, 9.5, 405.4, 60.0, 1.9856, 0.5446
2018-02-23, 17:06:00, 2018-02-23, 09:06:00, 125.1828, 65.8867, 37.5960, -122.3689, 1013.25, 52.0, 8.8, 875.8, 9.5, 408.7, 60.0, 2.0022, 0.5515
2018-02-23, 17:07:00, 2018-02-23, 09:07:00, 125.3865, 65.7251, 37.5960, -122.3689, 1013.25, 52.0, 8.7, 878.2, 9.5, 411.9, 60.0, 2.0189, 0.5583
2018-02-23, 17:08:00, 2018-02-23, 09:08:00, 125.5909, 65.5639, 37.5960, -122.3689, 1013.25, 53.0, 8.7, 879.5, 9.5, 415.7, 60.0, 2.0356, 0.5653
2018-02-23, 17:09:00, 2018-02-23, 09:09:00, 125.7958, 65.4030, 37.5960, -122.3689, 1013.25, 53.0, 8.7, 881.8, 9.5, 418.9, 60.0, 2.0522, 0.5722
2018-02-23, 17:10:00, 2018-02-23, 09:10:00, 126.0015, 65.2426, 37.5960, -122.3689, 1013.25, 53.0, 8.7, 883.8, 9.6, 422.0, 60.0, 2.0689, 0.5793
2018-02-23, 17:11:00, 2018-02-23, 09:11:00, 126.2078, 65.0826, 37.5960, -122.3689, 1013.25, 53.0, 8.7, 885.2, 9.5, 424.8, 60.0, 2.0856, 0.5863
2018-02-23, 17:12:00, 2018-02-23, 09:12:00, 126.4148, 64.9231, 37.5960, -122.3689, 1013.25, 53.0, 8.7, 888.2, 9.6, 428.3, 60.0, 2.1022, 0.5935
2018-02-23, 17:13:00, 2018-02-23, 09:13:00, 126.6224, 64.7639, 37.5960, -122.3689, 1013.25, 53.0, 8.8, 888.1, 9.6, 430.5, 60.0, 2.1189, 0.6007
2018-02-23, 17:14:00, 2018-02-23, 09:14:00, 126.8307, 64.6052, 37.5960, -122.3689, 1013.25, 53.0, 8.8, 891.0, 9.6, 434.0, 60.0, 2.1356, 0.6079
2018-02-23, 17:15:00, 2018-02-23, 09:15:00, 127.0397, 64.4469, 37.5960, -122.3689, 1013.25, 53.0, 8.8, 891.7, 9.6, 436.5, 60.0, 2.1522, 0.6152
2018-02-23, 17:16:00, 2018-02-23, 09:16:00, 127.2494, 64.2890, 37.5960, -122.3689, 1013.25, 53.0, 8.8, 893.0, 9.6, 439.3, 60.0, 2.1689, 0.6225
2018-02-23, 17:17:00, 2018-02-23, 09:17:00, 127.4597, 64.1316, 37.5960, -122.3689, 1013.25, 53.0, 8.8, 895.7, 9.6, 442.7, 60.0, 2.1856, 0.6299
2018-02-23, 17:18:00, 2018-02-23, 09:18:00, 127.6707, 63.9746, 37.5960, -122.3689, 1013.25, 53.1, 8.7, 896.3, 9.6, 445.3, 60.0, 2.2022, 0.6373
2018-02-23, 17:19:00, 2018-02-23, 09:19:00, 127.8825, 63.8180, 37.5960, -122.3689, 1013.25, 53.4, 8.7, 897.2, 9.5, 448.2, 60.0, 2.2189, 0.6448
2018-02-23, 17:20:00, 2018-02-23, 09:20:00, 128.0949, 63.6619, 37.5960, -122.3689, 1013.25, 54.0, 8.7, 898.6, 9.5, 451.6, 60.0, 2.2356, 0.6523
2018-02-23, 17:21:00, 2018-02-23, 09:21:00, 128.3080, 63.5063, 37.5960, -122.3689, 1013.25, 54.0, 8.7, 900.5, 9.5, 454.6, 60.0, 2.2522, 0.6599
2018-02-23, 17:22:00, 2018-02-23, 09:22:00, 128.5219, 63.3511, 37.5960, -122.3689, 1013.25, 54.0, 8.7, 900.2, 9.5, 456.7, 60.0, 2.2689, 0.6675
2018-02-23, 17:23:00, 2018-02-23, 09:23:00, 128.7364, 63.1963, 37.5960, -122.3689, 1013.25, 54.0, 8.7, 902.8, 9.5, 460.0, 60.0, 2.2856, 0.6751
2018-02-23, 17:24:00, 2018-02-23, 09:24:00, 128.9517, 63.0420, 37.5960, -122.3689, 1013.25, 54.0, 8.7, 905.9, 9.5, 463.6, 60.0, 2.3022, 0.6829
2018-02-23, 17:25:00, 2018-02-23, 09:25:00, 129.1677, 62.8882, 37.5960, -122.3689, 1013.25, 54.0, 8.7, 909.7, 9.6, 467.5, 60.0, 2.3189, 0.6907
2018-02-23, 17:26:00, 2018-02-23, 09:26:00, 129.3844, 62.7349, 37.5960, -122.3689, 1013.25, 54.0, 8.8, 912.1, 9.6, 470.7, 60.0, 2.3356, 0.6985
2018-02-23, 17:27:00, 2018-02-23, 09:27:00, 129.6018, 62.5820, 37.5960, -122.3689, 1013.25, 54.0, 8.8, 912.7, 9.6, 473.2, 60.0, 2.3522, 0.7064
2018-02-23, 17:28:00, 2018-02-23, 09:28:00, 129.8199, 62.4296, 37.5960, -122.3689, 1013.25, 54.0, 8.8, 915.5, 9.6, 476.6, 60.0, 2.3689, 0.7143
2018-02-23, 17:29:00, 2018-02-23, 09:29:00, 130.0388, 62.2777, 37.5960, -122.3689, 1013.25, 54.0, 8.8, 915.4, 9.6, 478.7, 60.0, 2.3856, 0.7223
2018-02-23, 17:30:00, 2018-02-23, 09:30:00, 130.2584, 62.1262, 37.5960, -122.3689, 1013.25, 54.0, 8.8, 918.9, 9.6, 482.5, 60.0, 2.4022, 0.7304
2018-02-23, 17:31:00, 2018-02-23, 09:31:00, 130.4788, 61.9753, 37.5960, -122.3689, 1013.25, 54.0, 8.7, 920.6, 9.6, 485.4, 60.0, 2.4189, 0.7384
2018-02-23, 17:32:00, 2018-02-23, 09:32:00, 130.6999, 61.8249, 37.5960, -122.3689, 1013.25, 54.3, 8.7, 921.3, 9.5, 488.2, 60.0, 2.4356, 0.7466
2018-02-23, 17:33:00, 2018-02-23, 09:33:00, 130.9217, 61.6749, 37.5960, -122.3689, 1013.25, 54.8, 8.7, 923.5, 9.5, 491.9, 60.0, 2.4522, 0.7548
2018-02-23, 17:34:00, 2018-02-23, 09:34:00, 131.1443, 61.5254, 37.5960, -122.3689, 1013.25, 55.0, 8.8, 923.3, 9.6, 494.1, 60.0, 2.4689, 0.7630
2018-02-23, 17:35:00, 2018-02-23, 09:35:00, 131.3677, 61.3765, 37.5960, -122.3689, 1013.25, 55.0, 8.8, 925.0, 9.5, 497.1, 60.0, 2.4856, 0.7713
2018-02-23, 17:36:00, 2018-02-23, 09:36:00, 131.5918, 61.2281, 37.5960, -122.3689, 1013.25, 55.0, 8.8, 927.9, 9.6, 500.6, 60.0, 2.5022, 0.7796
2018-02-23, 17:37:00, 2018-02-23, 09:37:00, 131.8167, 61.0801, 37.5960, -122.3689, 1013.25, 55.0, 8.8, 928.7, 9.5, 503.1, 60.0, 2.5189, 0.7880
2018-02-23, 17:38:00, 2018-02-23, 09:38:00, 132.0423, 60.9327, 37.5960, -122.3689, 1013.25, 55.0, 8.7, 930.1, 9.5, 505.8, 60.0, 2.5356, 0.7965
2018-02-23, 17:39:00, 2018-02-23, 09:39:00, 132.2687, 60.7858, 37.5960, -122.3689, 1013.25, 55.2, 8.7, 930.4, 9.5, 508.3, 60.0, 2.5522, 0.8049
2018-02-23, 17:40:00, 2018-02-23, 09:40:00, 132.4959, 60.6395, 37.5960, -122.3689, 1013.25, 56.0, 8.7, 931.1, 9.5, 511.5, 60.0, 2.5689, 0.8135
2018-02-23, 17:41:00, 2018-02-23, 09:41:00, 132.7238, 60.4936, 37.5960, -122.3689, 1013.25, 56.0, 8.7, 932.5, 9.5, 514.2, 60.0, 2.5856, 0.8220
2018-02-23, 17:42:00, 2018-02-23, 09:42:00, 132.9526, 60.3483, 37.5960, -122.3689, 1013.25, 56.0, 8.7, 934.1, 9.5, 517.1, 60.0, 2.6022, 0.8306
2018-02-23, 17:43:00, 2018-02-23, 09:43:00, 133.1821, 60.2036, 37.5960, -122.3689, 1013.25, 56.0, 8.7, 935.7, 9.4, 519.9, 60.0, 2.6189, 0.8393
2018-02-23, 17:44:00, 2018-02-23, 09:44:00, 133.4124, 60.0593, 37.5960, -122.3689, 1013.25, 56.0, 8.7, 935.0, 9.4, 521.6, 60.0, 2.6356, 0.8480
2018-02-23, 17:45:00, 2018-02-23, 09:45:00, 133.6435, 59.9157, 37.5960, -122.3689, 1013.25, 56.0, 8.7, 935.6, 9.5, 524.0, 60.0, 2.6522, 0.8567
2018-02-23, 17:46:00, 2018-02-23, 09:46:00, 133.8754, 59.7725, 37.5960, -122.3689, 1013.25, 56.0, 8.7, 936.1, 9.5, 526.3, 60.0, 2.6689, 0.8655
2018-02-23, 17:47:00, 2018-02-23, 09:47:00, 134.1080, 59.6300, 37.5960, -122.3689, 1013.25, 56.0, 8.7, 938.0, 9.4, 529.2, 60.0, 2.6856, 0.8743
2018-02-23, 17:48:00, 2018-02-23, 09:48:00, 134.3415, 59.4879, 37.5960, -122.3689, 1013.25, 56.0, 8.6, 937.6, 9.4, 531.0, 60.0, 2.7022, 0.8832
2018-02-23, 17:49:00, 2018-02-23, 09:49:00, 134.5758, 59.3465, 37.5960, -122.3689, 1013.25, 56.0, 8.7, 938.8, 9.4, 533.6, 60.0, 2.7189, 0.8921
2018-02-23, 17:50:00, 2018-02-23, 09:50:00, 134.8109, 59.2056, 37.5960, -122.3689, 1013.25, 56.0, 8.7, 942.3, 9.5, 537.4, 60.0, 2.7356, 0.9010
2018-02-23, 17:51:00, 2018-02-23, 09:51:00, 135.0468, 59.0653, 37.5960, -122.3689, 1013.25, 56.8, 8.8, 942.7, 9.5, 540.3, 60.0, 2.7522, 0.9100
2018-02-23, 17:52:00, 2018-02-23, 09:52:00, 135.2835, 58.9255, 37.5960, -122.3689, 1013.25, 57.0, 8.9, 942.1, 9.6, 542.3, 60.0, 2.7689, 0.9191
2018-02-23, 17:53:00, 2018-02-23, 09:53:00, 135.5210, 58.7864, 37.5960, -122.3689, 1013.25, 57.0, 8.9, 942.3, 9.7, 544.3, 60.0, 2.7856, 0.9281
2018-02-23, 17:54:00, 2018-02-23, 09:54:00, 135.7594, 58.6478, 37.5960, -122.3689, 1013.25, 57.0, 9.0, 943.7, 9.8, 547.0, 60.0, 2.8022, 0.9373
2018-02-23, 17:55:00, 2018-02-23, 09:55:00, 135.9985, 58.5098, 37.5960, -122.3689, 1013.25, 57.0, 9.0, 943.6, 9.8, 548.9, 60.0, 2.8189, 0.9464
2018-02-23, 17:56:00, 2018-02-23, 09:56:00, 136.2385, 58.3724, 37.5960, -122.3689, 1013.25, 57.0, 9.0, 944.8, 9.8, 551.5, 60.0, 2.8356, 0.9556
2018-02-23, 17:57:00, 2018-02-23, 09:57:00, 136.4793, 58.2356, 37.5960, -122.3689, 1013.25, 57.0, 9.0, 947.6, 9.8, 554.9, 60.0, 2.8522, 0.9648
2018-02-23, 17:58:00, 2018-02-23, 09:58:00, 136.7210, 58.0995, 37.5960, -122.3689, 1013.25, 57.0, 9.1, 948.1, 9.9, 557.0, 60.0, 2.8689, 0.9741
2018-02-23, 17:59:00, 2018-02-23, 09:59:00, 136.9635, 57.9639, 37.5960, -122.3689, 1013.25, 57.0, 9.2, 949.6, 10.0, 559.7, 60.0, 2.8856, 0.9835
2018-02-23, 18:00:00, 2018-02-23, 10:00:00, 137.2068, 57.8289, 37.5960, -122.3689, 1013.25, 57.0, 9.2, 951.5, 10.0, 562.6, 60.0, 2.9022, 0.9928
2018-02-23, 18:01:00, 2018-02-23, 10:01:00, 137.4509, 57.6945, 37.5960, -122.3689, 1013.25, 57.0, 9.3, 952.3, 10.1, 565.0, 60.0, 2.9189, 1.0023
2018-02-23, 18:02:00, 2018-02-23, 10:02:00, 137.6959, 57.5608, 37.5960, -122.3689, 1013.25, 57.0, 9.4, 954.9, 10.2, 568.2, 60.0, 2.9356, 1.0117
2018-02-23, 18:03:00, 2018-02-23, 10:03:00, 137.9417, 57.4277, 37.5960, -122.3689, 1013.25, 57.0, 9.5, 955.5, 10.3, 570.5, 60.0, 2.9522, 1.0212
2018-02-23, 18:04:00, 2018-02-23, 10:04:00, 138.1884, 57.2952, 37.5960, -122.3689, 1013.25, 57.0, 9.4, 957.6, 10.2, 573.4, 60.0, 2.9689, 1.0308
2018-02-23, 18:05:00, 2018-02-23, 10:05:00, 138.4359, 57.1634, 37.5960, -122.3689, 1013.25, 57.2, 9.4, 958.5, 10.2, 576.0, 60.0, 2.9856, 1.0404
2018-02-23, 18:06:00, 2018-02-23, 10:06:00, 138.6843, 57.0322, 37.5960, -122.3689, 1013.25, 58.0, 9.4, 959.2, 10.2, 579.0, 60.0, 3.0022, 1.0500
2018-02-23, 18:07:00, 2018-02-23, 10:07:00, 138.9335, 56.9016, 37.5960, -122.3689, 1013.25, 58.0, 9.4, 960.8, 10.3, 581.8, 60.0, 3.0189, 1.0597
2018-02-23, 18:08:00, 2018-02-23, 10:08:00, 139.1836, 56.7717, 37.5960, -122.3689, 1013.25, 58.0, 9.4, 962.2, 10.3, 584.3, 60.0, 3.0356, 1.0695
2018-02-23, 18:09:00, 2018-02-23, 10:09:00, 139.4345, 56.6425, 37.5960, -122.3689, 1013.25, 58.0, 9.4, 961.2, 10.3, 585.6, 60.0, 3.0522, 1.0792
2018-02-23, 18:10:00, 2018-02-23, 10:10:00, 139.6863, 56.5139, 37.5960, -122.3689, 1013.25, 58.0, 9.4, 963.1, 10.3, 588.5, 60.0, 3.0689, 1.0890
2018-02-23, 18:11:00, 2018-02-23, 10:11:00, 139.9390, 56.3859, 37.5960, -122.3689, 1013.25, 58.0, 9.4, 964.4, 10.3, 591.0, 60.0, 3.0856, 1.0989
2018-02-23, 18:12:00, 2018-02-23, 10:12:00, 140.1925, 56.2587, 37.5960, -122.3689, 1013.25, 58.0, 9.5, 964.0, 10.3, 592.6, 60.0, 3.1022, 1.1088
2018-02-23, 18:13:00, 2018-02-23, 10:13:00, 140.4469, 56.1321, 37.5960, -122.3689, 1013.25, 58.0, 9.5, 964.0, 10.3, 594.3, 60.0, 3.1189, 1.1187
2018-02-23, 18:14:00, 2018-02-23, 10:14:00, 140.7021, 56.0061, 37.5960, -122.3689, 1013.25, 58.0, 9.5, 967.1, 10.3, 597.8, 60.0, 3.1356, 1.1286
2018-02-23, 18:15:00, 2018-02-23, 10:15:00, 140.9582, 55.8809, 37.5960, -122.3689, 1013.25, 58.0, 9.5, 967.3, 10.3, 599.7, 60.0, 3.1522, 1.1386
2018-02-23, 18:16:00, 2018-02-23, 10:16:00, 141.2152, 55.7564, 37.5960, -122.3689, 1013.25, 58.0, 9.5, 966.1, 10.4, 600.8, 60.0, 3.1689, 1.1486
2018-02-23, 18:17:00, 2018-02-23, 10:17:00, 141.4730, 55.6325, 37.5960, -122.3689, 1013.25, 58.3, 9.6, 965.9, 10.4, 602.7, 60.0, 3.1856, 1.1587
2018-02-23, 18:18:00, 2018-02-23, 10:18:00, 141.7317, 55.5094, 37.5960, -122.3689, 1013.25, 58.7, 9.6, 965.9, 10.4, 604.7, 60.0, 3.2022, 1.1688
2018-02-23, 18:19:00, 2018-02-23, 10:19:00, 141.9913, 55.3869, 37.5960, -122.3689, 1013.25, 59.0, 9.6, 965.7, 10.4, 606.7, 60.0, 3.2189, 1.1789
2018-02-23, 18:20:00, 2018-02-23, 10:20:00, 142.2518, 55.2651, 37.5960, -122.3689, 1013.25, 59.0, 9.6, 967.2, 10.5, 609.2, 60.0, 3.2356, 1.1890
2018-02-23, 18:21:00, 2018-02-23, 10:21:00, 142.5131, 55.1441, 37.5960, -122.3689, 1013.25, 59.0, 9.7, 968.4, 10.6, 611.6, 60.0, 3.2522, 1.1992
2018-02-23, 18:22:00, 2018-02-23, 10:22:00, 142.7753, 55.0238, 37.5960, -122.3689, 1013.25, 59.0, 9.8, 971.2, 10.6, 614.9, 60.0, 3.2689, 1.2095
2018-02-23, 18:23:00, 2018-02-23, 10:23:00, 143.0384, 54.9042, 37.5960, -122.3689, 1013.25, 59.0, 9.8, 970.2, 10.6, 616.0, 60.0, 3.2856, 1.2197
2018-02-23, 18:24:00, 2018-02-23, 10:24:00, 143.3024, 54.7853, 37.5960, -122.3689, 1013.25, 59.0, 9.8, 970.0, 10.7, 617.5, 60.0, 3.3022, 1.2300
2018-02-23, 18:25:00, 2018-02-23, 10:25:00, 143.5673, 54.6672, 37.5960, -122.3689, 1013.25, 59.0, 9.8, 969.4, 10.7, 618.8, 60.0, 3.3189, 1.2403
2018-02-23, 18:26:00, 2018-02-23, 10:26:00, 143.8330, 54.5498, 37.5960, -122.3689, 1013.25, 59.0, 9.9, 970.8, 10.8, 621.2, 60.0, 3.3356, 1.2507
2018-02-23, 18:27:00, 2018-02-23, 10:27:00, 144.0996, 54.4331, 37.5960, -122.3689, 1013.25, 59.0, 10.0, 972.2, 10.8, 623.7, 60.0, 3.3522, 1.2611
2018-02-23, 18:28:00, 2018-02-23, 10:28:00, 144.3671, 54.3172, 37.5960, -122.3689, 1013.25, 59.0, 10.0, 972.7, 10.8, 625.6, 60.0, 3.3689, 1.2715
2018-02-23, 18:29:00, 2018-02-23, 10:29:00, 144.6354, 54.2020, 37.5960, -122.3689, 1013.25, 59.0, 10.1, 973.6, 10.9, 627.7, 60.0, 3.3856, 1.2820
2018-02-23, 18:30:00, 2018-02-23, 10:30:00, 144.9047, 54.0876, 37.5960, -122.3689, 1013.25, 59.0, 10.1, 974.0, 10.9, 629.5, 60.0, 3.4022, 1.2925
2018-02-23, 18:31:00, 2018-02-23, 10:31:00, 145.1748, 53.9739, 37.5960, -122.3689, 1013.25, 59.0, 10.1, 973.3, 11.0, 630.7, 60.0, 3.4189, 1.3030
2018-02-23, 18:32:00, 2018-02-23, 10:32:00, 145.4458, 53.8611, 37.5960, -122.3689, 1013.25, 59.1, 10.1, 973.0, 11.0, 632.2, 60.0, 3.4356, 1.3135
2018-02-23, 18:33:00, 2018-02-23, 10:33:00, 145.7177, 53.7490, 37.5960, -122.3689, 1013.25, 59.1, 10.1, 973.0, 10.9, 633.6, 60.0, 3.4522, 1.3241
2018-02-23, 18:34:00, 2018-02-23, 10:34:00, 145.9905, 53.6376, 37.5960, -122.3689, 1013.25, 59.8, 10.0, 973.3, 10.9, 636.1, 60.0, 3.4689, 1.3347
2018-02-23, 18:35:00, 2018-02-23, 10:35:00, 146.2641, 53.5271, 37.5960, -122.3689, 1013.25, 60.0, 10.0, 973.4, 10.9, 637.9, 60.0, 3.4856, 1.3453
2018-02-23, 18:36:00, 2018-02-23, 10:36:00, 146.5386, 53.4173, 37.5960, -122.3689, 1013.25, 60.0, 10.1, 972.8, 10.9, 639.0, 60.0, 3.5022, 1.3560
2018-02-23, 18:37:00, 2018-02-23, 10:37:00, 146.8141, 53.3083, 37.5960, -122.3689, 1013.25, 60.0, 10.1, 974.6, 10.9, 641.5, 60.0, 3.5189, 1.3667
2018-02-23, 18:38:00, 2018-02-23, 10:38:00, 147.0903, 53.2001, 37.5960, -122.3689, 1013.25, 60.0, 10.1, 975.4, 10.9, 643.5, 60.0, 3.5356, 1.3774
2018-02-23, 18:39:00, 2018-02-23, 10:39:00, 147.3675, 53.0928, 37.5960, -122.3689, 1013.25, 60.0, 10.1, 976.7, 11.0, 645.8, 60.0, 3.5522, 1.3881
2018-02-23, 18:40:00, 2018-02-23, 10:40:00, 147.6455, 52.9862, 37.5960, -122.3689, 1013.25, 60.0, 10.2, 977.5, 11.1, 647.7, 60.0, 3.5689, 1.3989
2018-02-23, 18:41:00, 2018-02-23, 10:41:00, 147.9245, 52.8804, 37.5960, -122.3689, 1013.25, 60.0, 10.3, 977.9, 11.2, 649.4, 60.0, 3.5856, 1.4098
2018-02-23, 18:42:00, 2018-02-23, 10:42:00, 148.2042, 52.7755, 37.5960, -122.3689, 1013.25, 60.0, 10.4, 976.3, 11.3, 649.9, 60.0, 3.6022, 1.4206
2018-02-23, 18:43:00, 2018-02-23, 10:43:00, 148.4849, 52.6714, 37.5960, -122.3689, 1013.25, 60.0, 10.6, 976.1, 11.5, 651.2, 60.0, 3.6189, 1.4314
2018-02-23, 18:44:00, 2018-02-23, 10:44:00, 148.7664, 52.5681, 37.5960, -122.3689, 1013.25, 60.0, 10.7, 979.3, 11.6, 654.5, 60.0, 3.6356, 1.4424
2018-02-23, 18:45:00, 2018-02-23, 10:45:00, 149.0488, 52.4656, 37.5960, -122.3689, 1013.25, 59.9, 10.8, 981.2, 11.7, 656.9, 60.0, 3.6522, 1.4533
2018-02-23, 18:46:00, 2018-02-23, 10:46:00, 149.3321, 52.3640, 37.5960, -122.3689, 1013.25, 59.6, 10.8, 984.2, 11.7, 659.9, 60.0, 3.6689, 1.4643
2018-02-23, 18:47:00, 2018-02-23, 10:47:00, 149.6162, 52.2632, 37.5960, -122.3689, 1013.25, 59.8, 10.8, 984.3, 11.7, 661.5, 60.0, 3.6856, 1.4753
2018-02-23, 18:48:00, 2018-02-23, 10:48:00, 149.9013, 52.1633, 37.5960, -122.3689, 1013.25, 59.2, 10.7, 985.6, 11.7, 663.1, 60.0, 3.7022, 1.4864
2018-02-23, 18:49:00, 2018-02-23, 10:49:00, 150.1871, 52.0642, 37.5960, -122.3689, 1013.25, 59.0, 10.8, 989.2, 11.7, 666.5, 60.0, 3.7189, 1.4975
2018-02-23, 18:50:00, 2018-02-23, 10:50:00, 150.4738, 51.9660, 37.5960, -122.3689, 1013.25, 59.0, 10.8, 989.5, 11.8, 668.0, 60.0, 3.7356, 1.5086
2018-02-23, 18:51:00, 2018-02-23, 10:51:00, 150.7614, 51.8686, 37.5960, -122.3689, 1013.25, 59.0, 10.8, 989.7, 11.7, 669.5, 60.0, 3.7522, 1.5198
2018-02-23, 18:52:00, 2018-02-23, 10:52:00, 151.0499, 51.7721, 37.5960, -122.3689, 1013.25, 59.3, 10.8, 989.3, 11.8, 670.8, 60.0, 3.7689, 1.5310
2018-02-23, 18:53:00, 2018-02-23, 10:53:00, 151.3392, 51.6765, 37.5960, -122.3689, 1013.25, 59.7, 10.8, 987.6, 11.8, 671.4, 60.0, 3.7856, 1.5421
2018-02-23, 18:54:00, 2018-02-23, 10:54:00, 151.6293, 51.5818, 37.5960, -122.3689, 1013.25, 59.9, 10.8, 988.3, 11.8, 673.4, 60.0, 3.8022, 1.5534
2018-02-23, 18:55:00, 2018-02-23, 10:55:00, 151.9203, 51.4879, 37.5960, -122.3689, 1013.25, 59.9, 10.8, 990.6, 11.8, 676.1, 60.0, 3.8189, 1.5646
2018-02-23, 18:56:00, 2018-02-23, 10:56:00, 152.2121, 51.3949, 37.5960, -122.3689, 1013.25, 59.9, 10.9, 989.7, 11.8, 676.8, 60.0, 3.8356, 1.5759
2018-02-23, 18:57:00, 2018-02-23, 10:57:00, 152.5048, 51.3029, 37.5960, -122.3689, 1013.25, 60.0, 11.0, 990.8, 11.9, 678.8, 60.0, 3.8522, 1.5872
2018-02-23, 18:58:00, 2018-02-23, 10:58:00, 152.7983, 51.2117, 37.5960, -122.3689, 1013.25, 60.0, 11.0, 989.6, 11.9, 679.3, 60.0, 3.8689, 1.5986
2018-02-23, 18:59:00, 2018-02-23, 10:59:00, 153.0926, 51.1214, 37.5960, -122.3689, 1013.25, 60.0, 11.0, 991.9, 11.9, 682.0, 60.0, 3.8856, 1.6099
2018-02-23, 19:00:00, 2018-02-23, 11:00:00, 153.3878, 51.0320, 37.5960, -122.3689, 1013.25, 60.0, 10.9, 992.6, 11.8, 683.6, 60.0, 3.9022, 1.6213
2018-02-23, 19:01:00, 2018-02-23, 11:01:00, 153.6838, 50.9436, 37.5960, -122.3689, 1013.25, 60.0, 10.9, 993.1, 11.8, 685.2, 60.0, 3.9189, 1.6327
2018-02-23, 19:02:00, 2018-02-23, 11:02:00, 153.9806, 50.8560, 37.5960, -122.3689, 1013.25, 60.0, 11.0, 995.4, 11.9, 687.8, 60.0, 3.9356, 1.6442
2018-02-23, 19:03:00, 2018-02-23, 11:03:00, 154.2783, 50.7694, 37.5960, -122.3689, 1013.25, 60.0, 11.1, 995.9, 12.0, 689.2, 60.0, 3.9522, 1.6557
2018-02-23, 19:04:00, 2018-02-23, 11:04:00, 154.5767, 50.6837, 37.5960, -122.3689, 1013.25, 60.0, 11.1, 996.4, 12.0, 690.7, 60.0, 3.9689, 1.6672
2018-02-23, 19:05:00, 2018-02-23, 11:05:00, 154.8760, 50.5990, 37.5960, -122.3689, 1013.25, 60.0, 11.0, 998.4, 12.0, 693.1, 60.0, 3.9856, 1.6787
2018-02-23, 19:06:00, 2018-02-23, 11:06:00, 155.1760, 50.5151, 37.5960, -122.3689, 1013.25, 60.0, 11.0, 996.9, 12.0, 693.3, 60.0, 4.0022, 1.6903
2018-02-23, 19:07:00, 2018-02-23, 11:07:00, 155.4769, 50.4323, 37.5960, -122.3689, 1013.25, 60.0, 11.0, 995.5, 12.0, 693.5, 60.0, 4.0189, 1.7019
2018-02-23, 19:08:00, 2018-02-23, 11:08:00, 155.7786, 50.3503, 37.5960, -122.3689, 1013.25, 60.0, 11.0, 997.0, 12.0, 695.6, 60.0, 4.0356, 1.7135
2018-02-23, 19:09:00, 2018-02-23, 11:09:00, 156.0810, 50.2693, 37.5960, -122.3689, 1013.25, 60.0, 11.0, 997.5, 12.0, 697.0, 60.0, 4.0522, 1.7251
2018-02-23, 19:10:00, 2018-02-23, 11:10:00, 156.3842, 50.1893, 37.5960, -122.3689, 1013.25, 60.0, 11.0, 998.3, 12.0, 698.6, 60.0, 4.0689, 1.7367
2018-02-23, 19:11:00, 2018-02-23, 11:11:00, 156.6882, 50.1102, 37.5960, -122.3689, 1013.25, 60.0, 11.1, 998.9, 12.0, 700.1, 60.0, 4.0856, 1.7484
2018-02-23, 19:12:00, 2018-02-23, 11:12:00, 156.9930, 50.0321, 37.5960, -122.3689, 1013.25, 60.0, 11.1, 997.8, 12.0, 700.4, 60.0, 4.1022, 1.7601
2018-02-23, 19:13:00, 2018-02-23, 11:13:00, 157.2986, 49.9550, 37.5960, -122.3689, 1013.25, 60.0, 11.1, 999.8, 12.0, 702.7, 60.0, 4.1189, 1.7718
2018-02-23, 19:14:00, 2018-02-23, 11:14:00, 157.6049, 49.8788, 37.5960, -122.3689, 1013.25, 60.0, 11.1, 1001.1, 12.1, 704.6, 60.0, 4.1356, 1.7835
